time;target;;;;;;;;;;;;;;;;;;;;;;;;;;;;;
02/01/2015;9,36;;;;;;;;;;;;;;;;;;;;;;;;;;;;;
05/01/2015;8,56;;;;Petroleo Brasileiro S.A. - Petrobras (PETR4.SA) - Jan_2015 a Jul_2020;;;;;;;;;;;;;;;;;;;;;;;;;
06/01/2015;8,28;;;;;;;;;;;;;;;;;;;;;;;;;;;;;
07/01/2015;8,67;;;;;;;;;;;;;;;;;;;;;;;;;;;;;
08/01/2015;9,23;;;;;;;;;;;;;;;;;;;;;;;;;;;;;
09/01/2015;9,51;;;;;;;;;;;;;;;;;;;;;;;;;;;;;
12/01/2015;8,84;;;;;;;;;;;;;;;;;;;;;;;;;;;;;
13/01/2015;9,09;;;;;;;;;;;;;;;;;;;;;;;;;;;;;
14/01/2015;8,91;;;;;;;;;;;;;;;;;;;;;;;;;;;;;
15/01/2015;9,31;;;;;;;;;;;;;;;;;;;;;;;;;;;;;
16/01/2015;9,44;;;;;;;;;;;;;;;;;;;;;;;;;;;;;
19/01/2015;9,17;;;;;;;;;;;;;;;;;;;;;;;;;;;;;
20/01/2015;9,31;;;;;;;;;;;;;;;;;;;;;;;;;;;;;
21/01/2015;9,9;;;;;;;;;;;;;;;;;;;;;;;;;;;;;
22/01/2015;10,23;;;;;;;;;;;;;;;;;;;;;;;;;;;;;
23/01/2015;9,98;;;;;;;;;;;;;;;;;;;;;;;;;;;;;
26/01/2015;9,83;;;;;;;;;;;;;;;;;;;;;;;;;;;;;
27/01/2015;10,14;;;;;;;;;;;;;;;;;;;;;;;;;;;;;
28/01/2015;9,11;;;;;;;;;;;;;;;;;;;;;;;;;;;;;
29/01/2015;8,67;;;;;;;;;;;;;;;;;;;;;;;;;;;;;
30/01/2015;8,3;;;;;;;;;;;;;;;;;;;;;;;;;;;;;
02/02/2015;8,79;;;;;;;;;;;;;;;;;;;;;;;;;;;;;
03/02/2015;9,97;;;;;;;;;;;;;;;;;;;;;;;;;;;;;
04/02/2015;10,02;;;;;;;;;;;;;;;;;;;;;;;;;;;;;
05/02/2015;9,83;;;;;;;;;;;;;;;;;;;;;;;;;;;;;
06/02/2015;9,12;;;;;;;;;;;;;;;;;;;;;;;;;;;;;
09/02/2015;9,4;;;;;;;;;;;;;;;;;;;;;;;;;;;;;
10/02/2015;8,91;;;;;;;;;;;;;;;;;;;;;;;;;;;;;
11/02/2015;9,08;;;;;;;;;;;;;;;;;;;;;;;;;;;;;
12/02/2015;9,45;;;;;;;;;;;;;;;;;;;;;;;;;;;;;
13/02/2015;10,03;;;;;;;;;;;;;;;;;;;;;;;;;;;;;
18/02/2015;10,04;;;;;;;;;;;;;;;;;;;;;;;;;;;;;
19/02/2015;9,71;;;;;;;;;;;;;;;;;;;;;;;;;;;;;
20/02/2015;9,64;;;;;;;;;;;;;;;;;;;;;;;;;;;;;
23/02/2015;9,5;;;;;;;;;;;;;;;;;;;;;;;;;;;;;
24/02/2015;9,9;;;;;;;;;;;;;;;;;;;;;;;;;;;;;
25/02/2015;9,4;;;;;;;;;;;;;;;;;;;;;;;;;;;;;
26/02/2015;9,23;;;;;;;;;;;;;;;;;;;;;;;;;;;;;
27/02/2015;9,55;;;;;;;;;;;;;;;;;;;;;;;;;;;;;
02/03/2015;9,42;;;;;;;;;;;;;;;;;;;;;;;;;;;;;
03/03/2015;9,57;;;;;;;;;;;;;;;;;;;;;;;;;;;;;
04/03/2015;9,27;;;;;;;;;;;;;;;;;;;;;;;;;;;;;
05/03/2015;9,24;;;;;;;;;;;;;;;;;;;;;;;;;;;;;
06/03/2015;9,25;;;;;;;;;;;;;;;;;;;;;;;;;;;;;
09/03/2015;8,92;;;;;;;;;;;;;;;;;;;;;;;;;;;;;
10/03/2015;8,52;;;;;;;;;;;;;;;;;;;;;;;;;;;;;
11/03/2015;8,74;;;;;;;;;;;;;;;;;;;;;;;;;;;;;
12/03/2015;8,47;;;;;;;;;;;;;;;;;;;;;;;;;;;;;
13/03/2015;8,34;;;;;;;;;;;;;;;;;;;;;;;;;;;;;
16/03/2015;8,39;;;;;;;;;;;;;;;;;;;;;;;;;;;;;
17/03/2015;8,86;;;;;;;;;;;;;;;;;;;;;;;;;;;;;
18/03/2015;9,2;;;;;;;;;;;;;;;;;;;;;;;;;;;;;
19/03/2015;8,92;;;;;;;;;;;;;;;;;;;;;;;;;;;;;
20/03/2015;9,22;;;;;;;;;;;;;;;;;;;;;;;;;;;;;
23/03/2015;9,33;;;;;;;;;;;;;;;;;;;;;;;;;;;;;
24/03/2015;9,42;;;;;;;;;;;;;;;;;;;;;;;;;;;;;
25/03/2015;9,8;;;;;;;;;;;;;;;;;;;;;;;;;;;;;
26/03/2015;9,33;;;;;;;;;;;;;;;;;;;;;;;;;;;;;
27/03/2015;9,36;;;;;;;;;;;;;;;;;;;;;;;;;;;;;
30/03/2015;9,71;;;;;;;;;;;;;;;;;;;;;;;;;;;;;
31/03/2015;9,66;;;;;;;;;;;;;;;;;;;;;;;;;;;;;
01/04/2015;10,26;;;;;;;;;;;;;;;;;;;;;;;;;;;;;
02/04/2015;10,69;;;;;;;;;;;;;;;;;;;;;;;;;;;;;
06/04/2015;10,71;;;;;;;;;;;;;;;;;;;;;;;;;;;;;
07/04/2015;10,92;;;;;;;;;;;;;;;;;;;;;;;;;;;;;
08/04/2015;10,57;;;;;;;;;;;;;;;;;;;;;;;;;;;;;
09/04/2015;11,58;;;;;;;;;;;;;;;;;;;;;;;;;;;;;
10/04/2015;11,81;;;;;;;;;;;;;;;;;;;;;;;;;;;;;
13/04/2015;12,27;;;;;;;;;;;;;;;;;;;;;;;;;;;;;
14/04/2015;12,46;;;;;;;;;;;;;;;;;;;;;;;;;;;;;
15/04/2015;13,34;;;;;;;;;;;;;;;;;;;;;;;;;;;;;
16/04/2015;12,98;;;;;;;;;;;;;;;;;;;;;;;;;;;;;
17/04/2015;12,95;;;;;;;;;;;;;;;;;;;;;;;;;;;;;
20/04/2015;13,07;;;;;;;;;;;;;;;;;;;;;;;;;;;;;
22/04/2015;13;;;;;;;;;;;;;;;;;;;;;;;;;;;;;
23/04/2015;12,87;;;;;;;;;;;;;;;;;;;;;;;;;;;;;
24/04/2015;13,22;;;;;;;;;;;;;;;;;;;;;;;;;;;;;
27/04/2015;12,52;;;;;;;;;;;;;;;;;;;;;;;;;;;;;
28/04/2015;12,77;;;;;;;;;;;;;;;;;;;;;;;;;;;;;
29/04/2015;12,82;;;;;;;;;;;;;;;;;;;;;;;;;;;;;
30/04/2015;13,06;;;;;;;;;;;;;;;;;;;;;;;;;;;;;
04/05/2015;13,79;;;;;;;;;;;;;;;;;;;;;;;;;;;;;
05/05/2015;14,43;;;;;;;;;;;;;;;;;;;;;;;;;;;;;
06/05/2015;13,79;;;;;;;;;;;;;;;;;;;;;;;;;;;;;
07/05/2015;13,66;;;;;;;;;;;;;;;;;;;;;;;;;;;;;
08/05/2015;13,51;;;;;;;;;;;;;;;;;;;;;;;;;;;;;
11/05/2015;13,77;;;;;;;;;;;;;;;;;;;;;;;;;;;;;
12/05/2015;13,73;;;;;;;;;;;;;;;;;;;;;;;;;;;;;
13/05/2015;13,98;;;;;;;;;;;;;;;;;;;;;;;;;;;;;
14/05/2015;13,9;;;;;;;;;;;;;;;;;;;;;;;;;;;;;
15/05/2015;14,04;;;;;;;;;;;;;;;;;;;;;;;;;;;;;
18/05/2015;13,7;;;;;;;;;;;;;;;;;;;;;;;;;;;;;
19/05/2015;12,89;;;;;;;;;;;;;;;;;;;;;;;;;;;;;
20/05/2015;12,84;;;;;;;;;;;;;;;;;;;;;;;;;;;;;
21/05/2015;13,48;;;;;;;;;;;;;;;;;;;;;;;;;;;;;
22/05/2015;13,07;;;;;;;;;;;;;;;;;;;;;;;;;;;;;
25/05/2015;12,83;;;;;;;;;;;;;;;;;;;;;;;;;;;;;
26/05/2015;12,39;;;;;;;;;;;;;;;;;;;;;;;;;;;;;
27/05/2015;12,54;;;;;;;;;;;;;;;;;;;;;;;;;;;;;
28/05/2015;12,65;;;;;;;;;;;;;;;;;;;;;;;;;;;;;
29/05/2015;12,33;;;;;;;;;;;;;;;;;;;;;;;;;;;;;
01/06/2015;12,36;;;;;;;;;;;;;;;;;;;;;;;;;;;;;
02/06/2015;12,88;;;;;;;;;;;;;;;;;;;;;;;;;;;;;
03/06/2015;12,79;;;;;;;;;;;;;;;;;;;;;;;;;;;;;
05/06/2015;12,57;;;;;;;;;;;;;;;;;;;;;;;;;;;;;
08/06/2015;12,57;;;;;;;;;;;;;;;;;;;;;;;;;;;;;
09/06/2015;13;;;;;;;;;;;;;;;;;;;;;;;;;;;;;
10/06/2015;13,08;;;;;;;;;;;;;;;;;;;;;;;;;;;;;
11/06/2015;13,1;;;;;;;;;;;;;;;;;;;;;;;;;;;;;
12/06/2015;13,02;;;;;;;;;;;;;;;;;;;;;;;;;;;;;
15/06/2015;13,01;;;;;;;;;;;;;;;;;;;;;;;;;;;;;
16/06/2015;13,38;;;;;;;;;;;;;;;;;;;;;;;;;;;;;
17/06/2015;13,14;;;;;;;;;;;;;;;;;;;;;;;;;;;;;
18/06/2015;13,45;;;;;;;;;;;;;;;;;;;;;;;;;;;;;
19/06/2015;13,15;;;;;;;;;;;;;;;;;;;;;;;;;;;;;
22/06/2015;13,17;;;;;;;;;;;;;;;;;;;;;;;;;;;;;
23/06/2015;12,97;;;;;;;;;;;;;;;;;;;;;;;;;;;;;
24/06/2015;13,22;;;;;;;;;;;;;;;;;;;;;;;;;;;;;
25/06/2015;12,6;;;;;;;;;;;;;;;;;;;;;;;;;;;;;
26/06/2015;13,21;;;;;;;;;;;;;;;;;;;;;;;;;;;;;
29/06/2015;12,85;;;;;;;;;;;;;;;;;;;;;;;;;;;;;
30/06/2015;12,69;;;;;;;;;;;;;;;;;;;;;;;;;;;;;
01/07/2015;12,16;;;;;;;;;;;;;;;;;;;;;;;;;;;;;
02/07/2015;12,35;;;;;;;;;;;;;;;;;;;;;;;;;;;;;
03/07/2015;11,76;;;;;;;;;;;;;;;;;;;;;;;;;;;;;
06/07/2015;11,51;;;;;;;;;;;;;;;;;;;;;;;;;;;;;
07/07/2015;11,77;;;;;;;;;;;;;;;;;;;;;;;;;;;;;
08/07/2015;11,46;;;;;;;;;;;;;;;;;;;;;;;;;;;;;
10/07/2015;11,81;;;;;;;;;;;;;;;;;;;;;;;;;;;;;
13/07/2015;11,79;;;;;;;;;;;;;;;;;;;;;;;;;;;;;
14/07/2015;11,99;;;;;;;;;;;;;;;;;;;;;;;;;;;;;
15/07/2015;11,78;;;;;;;;;;;;;;;;;;;;;;;;;;;;;
16/07/2015;11,99;;;;;;;;;;;;;;;;;;;;;;;;;;;;;
17/07/2015;11,41;;;;;;;;;;;;;;;;;;;;;;;;;;;;;
20/07/2015;10,79;;;;;;;;;;;;;;;;;;;;;;;;;;;;;
21/07/2015;10,73;;;;;;;;;;;;;;;;;;;;;;;;;;;;;
22/07/2015;10,36;;;;;;;;;;;;;;;;;;;;;;;;;;;;;
23/07/2015;10,12;;;;;;;;;;;;;;;;;;;;;;;;;;;;;
24/07/2015;10,03;;;;;;;;;;;;;;;;;;;;;;;;;;;;;
27/07/2015;9,5;;;;;;;;;;;;;;;;;;;;;;;;;;;;;
28/07/2015;10,02;;;;;;;;;;;;;;;;;;;;;;;;;;;;;
29/07/2015;10,7;;;;;;;;;;;;;;;;;;;;;;;;;;;;;
30/07/2015;10,42;;;;;;;;;;;;;;;;;;;;;;;;;;;;;
31/07/2015;10,49;;;;;;;;;;;;;;;;;;;;;;;;;;;;;
03/08/2015;10,03;;;;;;;;;;;;;;;;;;;;;;;;;;;;;
04/08/2015;10,16;;;;;;;;;;;;;;;;;;;;;;;;;;;;;
05/08/2015;10,01;;;;;;;;;;;;;;;;;;;;;;;;;;;;;
06/08/2015;10,34;;;;;;;;;;;;;;;;;;;;;;;;;;;;;
07/08/2015;9,69;;;;;;;;;;;;;;;;;;;;;;;;;;;;;
10/08/2015;9,99;;;;;;;;;;;;;;;;;;;;;;;;;;;;;
11/08/2015;9,98;;;;;;;;;;;;;;;;;;;;;;;;;;;;;
12/08/2015;9,82;;;;;;;;;;;;;;;;;;;;;;;;;;;;;
13/08/2015;9,5;;;;;;;;;;;;;;;;;;;;;;;;;;;;;
14/08/2015;9,3;;;;;;;;;;;;;;;;;;;;;;;;;;;;;
17/08/2015;9,15;;;;;;;;;;;;;;;;;;;;;;;;;;;;;
18/08/2015;8,99;;;;;;;;;;;;;;;;;;;;;;;;;;;;;
19/08/2015;8,74;;;;;;;;;;;;;;;;;;;;;;;;;;;;;
20/08/2015;8,69;;;;;;;;;;;;;;;;;;;;;;;;;;;;;
21/08/2015;8,3;;;;;;;;;;;;;;;;;;;;;;;;;;;;;
24/08/2015;7,89;;;;;;;;;;;;;;;;;;;;;;;;;;;;;
25/08/2015;7,85;;;;;;;;;;;;;;;;;;;;;;;;;;;;;
26/08/2015;8,13;;;;;;;;;;;;;;;;;;;;;;;;;;;;;
27/08/2015;8,92;;;;;;;;;;;;;;;;;;;;;;;;;;;;;
28/08/2015;9,02;;;;;;;;;;;;;;;;;;;;;;;;;;;;;
31/08/2015;9,19;;;;;;;;;;;;;;;;;;;;;;;;;;;;;
01/09/2015;8,59;;;;;;;;;;;;;;;;;;;;;;;;;;;;;
02/09/2015;8,82;;;;;;;;;;;;;;;;;;;;;;;;;;;;;
03/09/2015;8,76;;;;;;;;;;;;;;;;;;;;;;;;;;;;;
04/09/2015;8,51;;;;;;;;;;;;;;;;;;;;;;;;;;;;;
08/09/2015;8,64;;;;;;;;;;;;;;;;;;;;;;;;;;;;;
09/09/2015;8,39;;;;;;;;;;;;;;;;;;;;;;;;;;;;;
10/09/2015;7,97;;;;;;;;;;;;;;;;;;;;;;;;;;;;;
11/09/2015;7,66;;;;;;;;;;;;;;;;;;;;;;;;;;;;;
14/09/2015;7,72;;;;;;;;;;;;;;;;;;;;;;;;;;;;;
15/09/2015;7,65;;;;;;;;;;;;;;;;;;;;;;;;;;;;;
16/09/2015;8,14;;;;;;;;;;;;;;;;;;;;;;;;;;;;;
17/09/2015;7,86;;;;;;;;;;;;;;;;;;;;;;;;;;;;;
18/09/2015;7,6;;;;;;;;;;;;;;;;;;;;;;;;;;;;;
21/09/2015;7,3;;;;;;;;;;;;;;;;;;;;;;;;;;;;;
22/09/2015;6,97;;;;;;;;;;;;;;;;;;;;;;;;;;;;;
23/09/2015;6,82;;;;;;;;;;;;;;;;;;;;;;;;;;;;;
24/09/2015;6,96;;;;;;;;;;;;;;;;;;;;;;;;;;;;;
25/09/2015;6,82;;;;;;;;;;;;;;;;;;;;;;;;;;;;;
28/09/2015;6,44;;;;;;;;;;;;;;;;;;;;;;;;;;;;;
29/09/2015;6,59;;;;;;;;;;;;;;;;;;;;;;;;;;;;;
30/09/2015;7,24;;;;;;;;;;;;;;;;;;;;;;;;;;;;;
01/10/2015;7,02;;;;;;;;;;;;;;;;;;;;;;;;;;;;;
02/10/2015;7,77;;;;;;;;;;;;;;;;;;;;;;;;;;;;;
05/10/2015;7,82;;;;;;;;;;;;;;;;;;;;;;;;;;;;;
06/10/2015;8,19;;;;;;;;;;;;;;;;;;;;;;;;;;;;;
07/10/2015;8,47;;;;;;;;;;;;;;;;;;;;;;;;;;;;;
08/10/2015;8,75;;;;;;;;;;;;;;;;;;;;;;;;;;;;;
09/10/2015;8,8;;;;;;;;;;;;;;;;;;;;;;;;;;;;;
13/10/2015;8,13;;;;;;;;;;;;;;;;;;;;;;;;;;;;;
14/10/2015;7,96;;;;;;;;;;;;;;;;;;;;;;;;;;;;;
15/10/2015;8;;;;;;;;;;;;;;;;;;;;;;;;;;;;;
16/10/2015;7,95;;;;;;;;;;;;;;;;;;;;;;;;;;;;;
19/10/2015;7,95;;;;;;;;;;;;;;;;;;;;;;;;;;;;;
20/10/2015;8,05;;;;;;;;;;;;;;;;;;;;;;;;;;;;;
21/10/2015;7,75;;;;;;;;;;;;;;;;;;;;;;;;;;;;;
22/10/2015;8,02;;;;;;;;;;;;;;;;;;;;;;;;;;;;;
23/10/2015;7,99;;;;;;;;;;;;;;;;;;;;;;;;;;;;;
26/10/2015;7,85;;;;;;;;;;;;;;;;;;;;;;;;;;;;;
27/10/2015;7,6;;;;;;;;;;;;;;;;;;;;;;;;;;;;;
28/10/2015;7,95;;;;;;;;;;;;;;;;;;;;;;;;;;;;;
29/10/2015;7,61;;;;;;;;;;;;;;;;;;;;;;;;;;;;;
30/10/2015;7,71;;;;;;;;;;;;;;;;;;;;;;;;;;;;;
03/11/2015;8,48;;;;;;;;;;;;;;;;;;;;;;;;;;;;;
04/11/2015;8,08;;;;;;;;;;;;;;;;;;;;;;;;;;;;;
05/11/2015;8,11;;;;;;;;;;;;;;;;;;;;;;;;;;;;;
06/11/2015;7,82;;;;;;;;;;;;;;;;;;;;;;;;;;;;;
09/11/2015;7,91;;;;;;;;;;;;;;;;;;;;;;;;;;;;;
10/11/2015;7,61;;;;;;;;;;;;;;;;;;;;;;;;;;;;;
11/11/2015;7,72;;;;;;;;;;;;;;;;;;;;;;;;;;;;;
12/11/2015;7,58;;;;;;;;;;;;;;;;;;;;;;;;;;;;;
13/11/2015;7,27;;;;;;;;;;;;;;;;;;;;;;;;;;;;;
16/11/2015;7,7;;;;;;;;;;;;;;;;;;;;;;;;;;;;;
17/11/2015;7,76;;;;;;;;;;;;;;;;;;;;;;;;;;;;;
18/11/2015;7,82;;;;;;;;;;;;;;;;;;;;;;;;;;;;;
19/11/2015;7,84;;;;;;;;;;;;;;;;;;;;;;;;;;;;;
23/11/2015;8,08;;;;;;;;;;;;;;;;;;;;;;;;;;;;;
24/11/2015;8,5;;;;;;;;;;;;;;;;;;;;;;;;;;;;;
25/11/2015;7,9;;;;;;;;;;;;;;;;;;;;;;;;;;;;;
26/11/2015;7,92;;;;;;;;;;;;;;;;;;;;;;;;;;;;;
27/11/2015;7,6;;;;;;;;;;;;;;;;;;;;;;;;;;;;;
30/11/2015;7,67;;;;;;;;;;;;;;;;;;;;;;;;;;;;;
01/12/2015;7,49;;;;;;;;;;;;;;;;;;;;;;;;;;;;;
02/12/2015;7,52;;;;;;;;;;;;;;;;;;;;;;;;;;;;;
03/12/2015;7,98;;;;;;;;;;;;;;;;;;;;;;;;;;;;;
04/12/2015;7,52;;;;;;;;;;;;;;;;;;;;;;;;;;;;;
07/12/2015;7,19;;;;;;;;;;;;;;;;;;;;;;;;;;;;;
08/12/2015;7,13;;;;;;;;;;;;;;;;;;;;;;;;;;;;;
09/12/2015;7,65;;;;;;;;;;;;;;;;;;;;;;;;;;;;;
10/12/2015;7,45;;;;;;;;;;;;;;;;;;;;;;;;;;;;;
11/12/2015;7,25;;;;;;;;;;;;;;;;;;;;;;;;;;;;;
14/12/2015;7,21;;;;;;;;;;;;;;;;;;;;;;;;;;;;;
15/12/2015;7,42;;;;;;;;;;;;;;;;;;;;;;;;;;;;;
16/12/2015;7,29;;;;;;;;;;;;;;;;;;;;;;;;;;;;;
17/12/2015;7,2;;;;;;;;;;;;;;;;;;;;;;;;;;;;;
18/12/2015;7,02;;;;;;;;;;;;;;;;;;;;;;;;;;;;;
21/12/2015;6,64;;;;;;;;;;;;;;;;;;;;;;;;;;;;;
22/12/2015;6,79;;;;;;;;;;;;;;;;;;;;;;;;;;;;;
23/12/2015;6,93;;;;;;;;;;;;;;;;;;;;;;;;;;;;;
28/12/2015;6,7;;;;;;;;;;;;;;;;;;;;;;;;;;;;;
29/12/2015;6,69;;;;;;;;;;;;;;;;;;;;;;;;;;;;;
30/12/2015;6,7;;;;;;;;;;;;;;;;;;;;;;;;;;;;;
04/01/2016;6,87;;;;;;;;;;;;;;;;;;;;;;;;;;;;;
05/01/2016;6,68;;;;;;;;;;;;;;;;;;;;;;;;;;;;;
06/01/2016;6,4;;;;;;;;;;;;;;;;;;;;;;;;;;;;;
07/01/2016;6,26;;;;;;;;;;;;;;;;;;;;;;;;;;;;;
08/01/2016;6,27;;;;;;;;;;;;;;;;;;;;;;;;;;;;;
11/01/2016;6,09;;;;;;;;;;;;;;;;;;;;;;;;;;;;;
12/01/2016;5,53;;;;;;;;;;;;;;;;;;;;;;;;;;;;;
13/01/2016;5,27;;;;;;;;;;;;;;;;;;;;;;;;;;;;;
14/01/2016;5,69;;;;;;;;;;;;;;;;;;;;;;;;;;;;;
15/01/2016;5,17;;;;;;;;;;;;;;;;;;;;;;;;;;;;;
18/01/2016;4,8;;;;;;;;;;;;;;;;;;;;;;;;;;;;;
19/01/2016;4,66;;;;;;;;;;;;;;;;;;;;;;;;;;;;;
20/01/2016;4,43;;;;;;;;;;;;;;;;;;;;;;;;;;;;;
21/01/2016;4,5;;;;;;;;;;;;;;;;;;;;;;;;;;;;;
22/01/2016;4,41;;;;;;;;;;;;;;;;;;;;;;;;;;;;;
26/01/2016;4,2;;;;;;;;;;;;;;;;;;;;;;;;;;;;;
27/01/2016;4,57;;;;;;;;;;;;;;;;;;;;;;;;;;;;;
28/01/2016;4,6;;;;;;;;;;;;;;;;;;;;;;;;;;;;;
29/01/2016;4,84;;;;;;;;;;;;;;;;;;;;;;;;;;;;;
01/02/2016;4,72;;;;;;;;;;;;;;;;;;;;;;;;;;;;;
02/02/2016;4,3;;;;;;;;;;;;;;;;;;;;;;;;;;;;;
03/02/2016;4,49;;;;;;;;;;;;;;;;;;;;;;;;;;;;;
04/02/2016;4,73;;;;;;;;;;;;;;;;;;;;;;;;;;;;;
05/02/2016;4,54;;;;;;;;;;;;;;;;;;;;;;;;;;;;;
10/02/2016;4,31;;;;;;;;;;;;;;;;;;;;;;;;;;;;;
11/02/2016;4,23;;;;;;;;;;;;;;;;;;;;;;;;;;;;;
12/02/2016;4,45;;;;;;;;;;;;;;;;;;;;;;;;;;;;;
15/02/2016;4,57;;;;;;;;;;;;;;;;;;;;;;;;;;;;;
16/02/2016;4,44;;;;;;;;;;;;;;;;;;;;;;;;;;;;;
17/02/2016;4,68;;;;;;;;;;;;;;;;;;;;;;;;;;;;;
18/02/2016;4,59;;;;;;;;;;;;;;;;;;;;;;;;;;;;;
19/02/2016;4,46;;;;;;;;;;;;;;;;;;;;;;;;;;;;;
22/02/2016;5,04;;;;;;;;;;;;;;;;;;;;;;;;;;;;;
23/02/2016;4,92;;;;;;;;;;;;;;;;;;;;;;;;;;;;;
24/02/2016;4,87;;;;;;;;;;;;;;;;;;;;;;;;;;;;;
25/02/2016;4,89;;;;;;;;;;;;;;;;;;;;;;;;;;;;;
26/02/2016;4,87;;;;;;;;;;;;;;;;;;;;;;;;;;;;;
29/02/2016;5,14;;;;;;;;;;;;;;;;;;;;;;;;;;;;;
01/03/2016;5,31;;;;;;;;;;;;;;;;;;;;;;;;;;;;;
02/03/2016;5,65;;;;;;;;;;;;;;;;;;;;;;;;;;;;;
03/03/2016;6,57;;;;;;;;;;;;;;;;;;;;;;;;;;;;;
04/03/2016;7,22;;;;;;;;;;;;;;;;;;;;;;;;;;;;;
07/03/2016;7,37;;;;;;;;;;;;;;;;;;;;;;;;;;;;;
08/03/2016;7,47;;;;;;;;;;;;;;;;;;;;;;;;;;;;;
09/03/2016;7,6;;;;;;;;;;;;;;;;;;;;;;;;;;;;;
10/03/2016;7,95;;;;;;;;;;;;;;;;;;;;;;;;;;;;;
11/03/2016;8,09;;;;;;;;;;;;;;;;;;;;;;;;;;;;;
14/03/2016;7,4;;;;;;;;;;;;;;;;;;;;;;;;;;;;;
15/03/2016;6,61;;;;;;;;;;;;;;;;;;;;;;;;;;;;;
16/03/2016;7,23;;;;;;;;;;;;;;;;;;;;;;;;;;;;;
17/03/2016;8,1;;;;;;;;;;;;;;;;;;;;;;;;;;;;;
18/03/2016;8,12;;;;;;;;;;;;;;;;;;;;;;;;;;;;;
21/03/2016;8,06;;;;;;;;;;;;;;;;;;;;;;;;;;;;;
22/03/2016;8,11;;;;;;;;;;;;;;;;;;;;;;;;;;;;;
23/03/2016;7,78;;;;;;;;;;;;;;;;;;;;;;;;;;;;;
24/03/2016;7,81;;;;;;;;;;;;;;;;;;;;;;;;;;;;;
28/03/2016;8,44;;;;;;;;;;;;;;;;;;;;;;;;;;;;;
29/03/2016;8,49;;;;;;;;;;;;;;;;;;;;;;;;;;;;;
30/03/2016;8,44;;;;;;;;;;;;;;;;;;;;;;;;;;;;;
31/03/2016;8,31;;;;;;;;;;;;;;;;;;;;;;;;;;;;;
01/04/2016;8,36;;;;;;;;;;;;;;;;;;;;;;;;;;;;;
04/04/2016;7,54;;;;;;;;;;;;;;;;;;;;;;;;;;;;;
05/04/2016;7,8;;;;;;;;;;;;;;;;;;;;;;;;;;;;;
06/04/2016;7,58;;;;;;;;;;;;;;;;;;;;;;;;;;;;;
07/04/2016;7,7;;;;;;;;;;;;;;;;;;;;;;;;;;;;;
08/04/2016;8,26;;;;;;;;;;;;;;;;;;;;;;;;;;;;;
11/04/2016;8,39;;;;;;;;;;;;;;;;;;;;;;;;;;;;;
12/04/2016;9,04;;;;;;;;;;;;;;;;;;;;;;;;;;;;;
13/04/2016;9,49;;;;;;;;;;;;;;;;;;;;;;;;;;;;;
14/04/2016;9,16;;;;;;;;;;;;;;;;;;;;;;;;;;;;;
15/04/2016;9,69;;;;;;;;;;;;;;;;;;;;;;;;;;;;;
18/04/2016;9,24;;;;;;;;;;;;;;;;;;;;;;;;;;;;;
19/04/2016;9,61;;;;;;;;;;;;;;;;;;;;;;;;;;;;;
20/04/2016;9,48;;;;;;;;;;;;;;;;;;;;;;;;;;;;;
22/04/2016;9,75;;;;;;;;;;;;;;;;;;;;;;;;;;;;;
25/04/2016;9,33;;;;;;;;;;;;;;;;;;;;;;;;;;;;;
26/04/2016;9,67;;;;;;;;;;;;;;;;;;;;;;;;;;;;;
27/04/2016;10,25;;;;;;;;;;;;;;;;;;;;;;;;;;;;;
28/04/2016;10,23;;;;;;;;;;;;;;;;;;;;;;;;;;;;;
29/04/2016;10,23;;;;;;;;;;;;;;;;;;;;;;;;;;;;;
02/05/2016;10,17;;;;;;;;;;;;;;;;;;;;;;;;;;;;;
03/05/2016;9,78;;;;;;;;;;;;;;;;;;;;;;;;;;;;;
04/05/2016;9,92;;;;;;;;;;;;;;;;;;;;;;;;;;;;;
05/05/2016;9,81;;;;;;;;;;;;;;;;;;;;;;;;;;;;;
06/05/2016;10,08;;;;;;;;;;;;;;;;;;;;;;;;;;;;;
09/05/2016;9,48;;;;;;;;;;;;;;;;;;;;;;;;;;;;;
10/05/2016;10,21;;;;;;;;;;;;;;;;;;;;;;;;;;;;;
11/05/2016;10,25;;;;;;;;;;;;;;;;;;;;;;;;;;;;;
12/05/2016;9,79;;;;;;;;;;;;;;;;;;;;;;;;;;;;;
13/05/2016;9,46;;;;;;;;;;;;;;;;;;;;;;;;;;;;;
16/05/2016;9,75;;;;;;;;;;;;;;;;;;;;;;;;;;;;;
17/05/2016;9,5;;;;;;;;;;;;;;;;;;;;;;;;;;;;;
18/05/2016;9,32;;;;;;;;;;;;;;;;;;;;;;;;;;;;;
19/05/2016;8,96;;;;;;;;;;;;;;;;;;;;;;;;;;;;;
20/05/2016;8,9;;;;;;;;;;;;;;;;;;;;;;;;;;;;;
23/05/2016;8,5;;;;;;;;;;;;;;;;;;;;;;;;;;;;;
24/05/2016;8,53;;;;;;;;;;;;;;;;;;;;;;;;;;;;;
25/05/2016;8,67;;;;;;;;;;;;;;;;;;;;;;;;;;;;;
27/05/2016;8,23;;;;;;;;;;;;;;;;;;;;;;;;;;;;;
30/05/2016;8,38;;;;;;;;;;;;;;;;;;;;;;;;;;;;;
31/05/2016;8,04;;;;;;;;;;;;;;;;;;;;;;;;;;;;;
01/06/2016;8,18;;;;;;;;;;;;;;;;;;;;;;;;;;;;;
02/06/2016;8,32;;;;;;;;;;;;;;;;;;;;;;;;;;;;;
03/06/2016;8,57;;;;;;;;;;;;;;;;;;;;;;;;;;;;;
06/06/2016;8,46;;;;;;;;;;;;;;;;;;;;;;;;;;;;;
07/06/2016;8,62;;;;;;;;;;;;;;;;;;;;;;;;;;;;;
08/06/2016;9,39;;;;;;;;;;;;;;;;;;;;;;;;;;;;;
09/06/2016;9,18;;;;;;;;;;;;;;;;;;;;;;;;;;;;;
10/06/2016;8,78;;;;;;;;;;;;;;;;;;;;;;;;;;;;;
13/06/2016;8,62;;;;;;;;;;;;;;;;;;;;;;;;;;;;;
14/06/2016;8,3;;;;;;;;;;;;;;;;;;;;;;;;;;;;;
15/06/2016;8,51;;;;;;;;;;;;;;;;;;;;;;;;;;;;;
16/06/2016;8,5;;;;;;;;;;;;;;;;;;;;;;;;;;;;;
17/06/2016;8,95;;;;;;;;;;;;;;;;;;;;;;;;;;;;;
20/06/2016;9,18;;;;;;;;;;;;;;;;;;;;;;;;;;;;;
21/06/2016;9,53;;;;;;;;;;;;;;;;;;;;;;;;;;;;;
22/06/2016;9,34;;;;;;;;;;;;;;;;;;;;;;;;;;;;;
23/06/2016;9,67;;;;;;;;;;;;;;;;;;;;;;;;;;;;;
24/06/2016;9,25;;;;;;;;;;;;;;;;;;;;;;;;;;;;;
27/06/2016;8,78;;;;;;;;;;;;;;;;;;;;;;;;;;;;;
28/06/2016;9,2;;;;;;;;;;;;;;;;;;;;;;;;;;;;;
29/06/2016;9,5;;;;;;;;;;;;;;;;;;;;;;;;;;;;;
30/06/2016;9,42;;;;;;;;;;;;;;;;;;;;;;;;;;;;;
01/07/2016;9,82;;;;;;;;;;;;;;;;;;;;;;;;;;;;;
04/07/2016;9,87;;;;;;;;;;;;;;;;;;;;;;;;;;;;;
05/07/2016;9,29;;;;;;;;;;;;;;;;;;;;;;;;;;;;;
06/07/2016;9,5;;;;;;;;;;;;;;;;;;;;;;;;;;;;;
07/07/2016;9,56;;;;;;;;;;;;;;;;;;;;;;;;;;;;;
08/07/2016;9,84;;;;;;;;;;;;;;;;;;;;;;;;;;;;;
11/07/2016;10,36;;;;;;;;;;;;;;;;;;;;;;;;;;;;;
12/07/2016;10,65;;;;;;;;;;;;;;;;;;;;;;;;;;;;;
13/07/2016;10,63;;;;;;;;;;;;;;;;;;;;;;;;;;;;;
14/07/2016;10,93;;;;;;;;;;;;;;;;;;;;;;;;;;;;;
15/07/2016;11,02;;;;;;;;;;;;;;;;;;;;;;;;;;;;;
18/07/2016;11,55;;;;;;;;;;;;;;;;;;;;;;;;;;;;;
19/07/2016;11,78;;;;;;;;;;;;;;;;;;;;;;;;;;;;;
20/07/2016;11,82;;;;;;;;;;;;;;;;;;;;;;;;;;;;;
21/07/2016;11,85;;;;;;;;;;;;;;;;;;;;;;;;;;;;;
22/07/2016;11,94;;;;;;;;;;;;;;;;;;;;;;;;;;;;;
25/07/2016;12,03;;;;;;;;;;;;;;;;;;;;;;;;;;;;;
26/07/2016;11,88;;;;;;;;;;;;;;;;;;;;;;;;;;;;;
27/07/2016;11,51;;;;;;;;;;;;;;;;;;;;;;;;;;;;;
28/07/2016;11,44;;;;;;;;;;;;;;;;;;;;;;;;;;;;;
29/07/2016;11,87;;;;;;;;;;;;;;;;;;;;;;;;;;;;;
01/08/2016;11,25;;;;;;;;;;;;;;;;;;;;;;;;;;;;;
02/08/2016;11,36;;;;;;;;;;;;;;;;;;;;;;;;;;;;;
03/08/2016;11,9;;;;;;;;;;;;;;;;;;;;;;;;;;;;;
04/08/2016;12,01;;;;;;;;;;;;;;;;;;;;;;;;;;;;;
05/08/2016;11,65;;;;;;;;;;;;;;;;;;;;;;;;;;;;;
08/08/2016;11,91;;;;;;;;;;;;;;;;;;;;;;;;;;;;;
09/08/2016;11,88;;;;;;;;;;;;;;;;;;;;;;;;;;;;;
10/08/2016;11,56;;;;;;;;;;;;;;;;;;;;;;;;;;;;;
11/08/2016;12,1;;;;;;;;;;;;;;;;;;;;;;;;;;;;;
12/08/2016;12;;;;;;;;;;;;;;;;;;;;;;;;;;;;;
15/08/2016;12,31;;;;;;;;;;;;;;;;;;;;;;;;;;;;;
16/08/2016;12,49;;;;;;;;;;;;;;;;;;;;;;;;;;;;;
17/08/2016;12,76;;;;;;;;;;;;;;;;;;;;;;;;;;;;;
18/08/2016;12,88;;;;;;;;;;;;;;;;;;;;;;;;;;;;;
19/08/2016;12,79;;;;;;;;;;;;;;;;;;;;;;;;;;;;;
22/08/2016;12,35;;;;;;;;;;;;;;;;;;;;;;;;;;;;;
23/08/2016;12,67;;;;;;;;;;;;;;;;;;;;;;;;;;;;;
24/08/2016;12,4;;;;;;;;;;;;;;;;;;;;;;;;;;;;;
25/08/2016;12,53;;;;;;;;;;;;;;;;;;;;;;;;;;;;;
26/08/2016;12,55;;;;;;;;;;;;;;;;;;;;;;;;;;;;;
29/08/2016;12,87;;;;;;;;;;;;;;;;;;;;;;;;;;;;;
30/08/2016;13,09;;;;;;;;;;;;;;;;;;;;;;;;;;;;;
31/08/2016;12,85;;;;;;;;;;;;;;;;;;;;;;;;;;;;;
01/09/2016;13;;;;;;;;;;;;;;;;;;;;;;;;;;;;;
02/09/2016;13,57;;;;;;;;;;;;;;;;;;;;;;;;;;;;;
05/09/2016;13,83;;;;;;;;;;;;;;;;;;;;;;;;;;;;;
06/09/2016;13,98;;;;;;;;;;;;;;;;;;;;;;;;;;;;;
08/09/2016;14,22;;;;;;;;;;;;;;;;;;;;;;;;;;;;;
09/09/2016;13,51;;;;;;;;;;;;;;;;;;;;;;;;;;;;;
12/09/2016;13,95;;;;;;;;;;;;;;;;;;;;;;;;;;;;;
13/09/2016;13,01;;;;;;;;;;;;;;;;;;;;;;;;;;;;;
14/09/2016;13,11;;;;;;;;;;;;;;;;;;;;;;;;;;;;;
15/09/2016;13,51;;;;;;;;;;;;;;;;;;;;;;;;;;;;;
16/09/2016;13,16;;;;;;;;;;;;;;;;;;;;;;;;;;;;;
19/09/2016;13,05;;;;;;;;;;;;;;;;;;;;;;;;;;;;;
20/09/2016;13,5;;;;;;;;;;;;;;;;;;;;;;;;;;;;;
21/09/2016;13,66;;;;;;;;;;;;;;;;;;;;;;;;;;;;;
22/09/2016;14;;;;;;;;;;;;;;;;;;;;;;;;;;;;;
23/09/2016;13,69;;;;;;;;;;;;;;;;;;;;;;;;;;;;;
26/09/2016;13,4;;;;;;;;;;;;;;;;;;;;;;;;;;;;;
27/09/2016;13,12;;;;;;;;;;;;;;;;;;;;;;;;;;;;;
28/09/2016;13,85;;;;;;;;;;;;;;;;;;;;;;;;;;;;;
29/09/2016;13,43;;;;;;;;;;;;;;;;;;;;;;;;;;;;;
30/09/2016;13,57;;;;;;;;;;;;;;;;;;;;;;;;;;;;;
03/10/2016;13,97;;;;;;;;;;;;;;;;;;;;;;;;;;;;;
04/10/2016;14,02;;;;;;;;;;;;;;;;;;;;;;;;;;;;;
05/10/2016;14,58;;;;;;;;;;;;;;;;;;;;;;;;;;;;;
06/10/2016;15,1;;;;;;;;;;;;;;;;;;;;;;;;;;;;;
07/10/2016;15,26;;;;;;;;;;;;;;;;;;;;;;;;;;;;;
10/10/2016;15,73;;;;;;;;;;;;;;;;;;;;;;;;;;;;;
11/10/2016;15,39;;;;;;;;;;;;;;;;;;;;;;;;;;;;;
13/10/2016;15,76;;;;;;;;;;;;;;;;;;;;;;;;;;;;;
14/10/2016;16,26;;;;;;;;;;;;;;;;;;;;;;;;;;;;;
17/10/2016;16,9;;;;;;;;;;;;;;;;;;;;;;;;;;;;;
18/10/2016;17,42;;;;;;;;;;;;;;;;;;;;;;;;;;;;;
19/10/2016;17,620001;;;;;;;;;;;;;;;;;;;;;;;;;;;;;
20/10/2016;17,74;;;;;;;;;;;;;;;;;;;;;;;;;;;;;
21/10/2016;17,950001;;;;;;;;;;;;;;;;;;;;;;;;;;;;;
24/10/2016;18,200001;;;;;;;;;;;;;;;;;;;;;;;;;;;;;
25/10/2016;18;;;;;;;;;;;;;;;;;;;;;;;;;;;;;
26/10/2016;18,1;;;;;;;;;;;;;;;;;;;;;;;;;;;;;
27/10/2016;18,09;;;;;;;;;;;;;;;;;;;;;;;;;;;;;
28/10/2016;18,09;;;;;;;;;;;;;;;;;;;;;;;;;;;;;
31/10/2016;17,690001;;;;;;;;;;;;;;;;;;;;;;;;;;;;;
01/11/2016;16,860001;;;;;;;;;;;;;;;;;;;;;;;;;;;;;
03/11/2016;16,129999;;;;;;;;;;;;;;;;;;;;;;;;;;;;;
04/11/2016;15,99;;;;;;;;;;;;;;;;;;;;;;;;;;;;;
07/11/2016;17,209999;;;;;;;;;;;;;;;;;;;;;;;;;;;;;
08/11/2016;17,040001;;;;;;;;;;;;;;;;;;;;;;;;;;;;;
09/11/2016;16,65;;;;;;;;;;;;;;;;;;;;;;;;;;;;;
10/11/2016;15,5;;;;;;;;;;;;;;;;;;;;;;;;;;;;;
11/11/2016;14,01;;;;;;;;;;;;;;;;;;;;;;;;;;;;;
14/11/2016;14;;;;;;;;;;;;;;;;;;;;;;;;;;;;;
16/11/2016;14,74;;;;;;;;;;;;;;;;;;;;;;;;;;;;;
17/11/2016;14,29;;;;;;;;;;;;;;;;;;;;;;;;;;;;;
18/11/2016;14,52;;;;;;;;;;;;;;;;;;;;;;;;;;;;;
21/11/2016;15,58;;;;;;;;;;;;;;;;;;;;;;;;;;;;;
22/11/2016;15,93;;;;;;;;;;;;;;;;;;;;;;;;;;;;;
23/11/2016;15,85;;;;;;;;;;;;;;;;;;;;;;;;;;;;;
24/11/2016;15,58;;;;;;;;;;;;;;;;;;;;;;;;;;;;;
25/11/2016;15,3;;;;;;;;;;;;;;;;;;;;;;;;;;;;;
28/11/2016;15,46;;;;;;;;;;;;;;;;;;;;;;;;;;;;;
29/11/2016;14,66;;;;;;;;;;;;;;;;;;;;;;;;;;;;;
30/11/2016;16;;;;;;;;;;;;;;;;;;;;;;;;;;;;;
01/12/2016;15,44;;;;;;;;;;;;;;;;;;;;;;;;;;;;;
02/12/2016;15,83;;;;;;;;;;;;;;;;;;;;;;;;;;;;;
05/12/2016;15,66;;;;;;;;;;;;;;;;;;;;;;;;;;;;;
06/12/2016;16,15;;;;;;;;;;;;;;;;;;;;;;;;;;;;;
07/12/2016;15,86;;;;;;;;;;;;;;;;;;;;;;;;;;;;;
08/12/2016;15,7;;;;;;;;;;;;;;;;;;;;;;;;;;;;;
09/12/2016;15,58;;;;;;;;;;;;;;;;;;;;;;;;;;;;;
12/12/2016;15,6;;;;;;;;;;;;;;;;;;;;;;;;;;;;;
13/12/2016;15,45;;;;;;;;;;;;;;;;;;;;;;;;;;;;;
14/12/2016;14,74;;;;;;;;;;;;;;;;;;;;;;;;;;;;;
15/12/2016;14,85;;;;;;;;;;;;;;;;;;;;;;;;;;;;;
16/12/2016;14,76;;;;;;;;;;;;;;;;;;;;;;;;;;;;;
19/12/2016;14,36;;;;;;;;;;;;;;;;;;;;;;;;;;;;;
20/12/2016;14,35;;;;;;;;;;;;;;;;;;;;;;;;;;;;;
21/12/2016;14,34;;;;;;;;;;;;;;;;;;;;;;;;;;;;;
22/12/2016;14,01;;;;;;;;;;;;;;;;;;;;;;;;;;;;;
23/12/2016;14,24;;;;;;;;;;;;;;;;;;;;;;;;;;;;;
26/12/2016;14,42;;;;;;;;;;;;;;;;;;;;;;;;;;;;;
27/12/2016;14,41;;;;;;;;;;;;;;;;;;;;;;;;;;;;;
28/12/2016;14,78;;;;;;;;;;;;;;;;;;;;;;;;;;;;;
29/12/2016;14,87;;;;;;;;;;;;;;;;;;;;;;;;;;;;;
02/01/2017;14,66;;;;;;;;;;;;;;;;;;;;;;;;;;;;;
03/01/2017;15,5;;;;;;;;;;;;;;;;;;;;;;;;;;;;;
04/01/2017;15,5;;;;;;;;;;;;;;;;;;;;;;;;;;;;;
05/01/2017;15,75;;;;;;;;;;;;;;;;;;;;;;;;;;;;;
06/01/2017;15,66;;;;;;;;;;;;;;;;;;;;;;;;;;;;;
09/01/2017;15,33;;;;;;;;;;;;;;;;;;;;;;;;;;;;;
10/01/2017;15,48;;;;;;;;;;;;;;;;;;;;;;;;;;;;;
11/01/2017;15,66;;;;;;;;;;;;;;;;;;;;;;;;;;;;;
12/01/2017;15,9;;;;;;;;;;;;;;;;;;;;;;;;;;;;;
13/01/2017;15,68;;;;;;;;;;;;;;;;;;;;;;;;;;;;;
16/01/2017;15,75;;;;;;;;;;;;;;;;;;;;;;;;;;;;;
17/01/2017;15,82;;;;;;;;;;;;;;;;;;;;;;;;;;;;;
18/01/2017;15,79;;;;;;;;;;;;;;;;;;;;;;;;;;;;;
19/01/2017;15,77;;;;;;;;;;;;;;;;;;;;;;;;;;;;;
20/01/2017;16;;;;;;;;;;;;;;;;;;;;;;;;;;;;;
23/01/2017;15,99;;;;;;;;;;;;;;;;;;;;;;;;;;;;;
24/01/2017;16,040001;;;;;;;;;;;;;;;;;;;;;;;;;;;;;
26/01/2017;15,8;;;;;;;;;;;;;;;;;;;;;;;;;;;;;
27/01/2017;15,62;;;;;;;;;;;;;;;;;;;;;;;;;;;;;
30/01/2017;14,84;;;;;;;;;;;;;;;;;;;;;;;;;;;;;
31/01/2017;15,02;;;;;;;;;;;;;;;;;;;;;;;;;;;;;
01/02/2017;15,02;;;;;;;;;;;;;;;;;;;;;;;;;;;;;
02/02/2017;14,89;;;;;;;;;;;;;;;;;;;;;;;;;;;;;
03/02/2017;15,34;;;;;;;;;;;;;;;;;;;;;;;;;;;;;
06/02/2017;14,96;;;;;;;;;;;;;;;;;;;;;;;;;;;;;
07/02/2017;14,7;;;;;;;;;;;;;;;;;;;;;;;;;;;;;
08/02/2017;15,1;;;;;;;;;;;;;;;;;;;;;;;;;;;;;
09/02/2017;15,05;;;;;;;;;;;;;;;;;;;;;;;;;;;;;
10/02/2017;15,58;;;;;;;;;;;;;;;;;;;;;;;;;;;;;
13/02/2017;15,62;;;;;;;;;;;;;;;;;;;;;;;;;;;;;
14/02/2017;15,82;;;;;;;;;;;;;;;;;;;;;;;;;;;;;
15/02/2017;15,84;;;;;;;;;;;;;;;;;;;;;;;;;;;;;
16/02/2017;15,86;;;;;;;;;;;;;;;;;;;;;;;;;;;;;
17/02/2017;15,61;;;;;;;;;;;;;;;;;;;;;;;;;;;;;
20/02/2017;15,92;;;;;;;;;;;;;;;;;;;;;;;;;;;;;
21/02/2017;16,09;;;;;;;;;;;;;;;;;;;;;;;;;;;;;
22/02/2017;15,7;;;;;;;;;;;;;;;;;;;;;;;;;;;;;
23/02/2017;15,56;;;;;;;;;;;;;;;;;;;;;;;;;;;;;
24/02/2017;15,18;;;;;;;;;;;;;;;;;;;;;;;;;;;;;
01/03/2017;15,52;;;;;;;;;;;;;;;;;;;;;;;;;;;;;
02/03/2017;15,11;;;;;;;;;;;;;;;;;;;;;;;;;;;;;
03/03/2017;15,32;;;;;;;;;;;;;;;;;;;;;;;;;;;;;
06/03/2017;15,1;;;;;;;;;;;;;;;;;;;;;;;;;;;;;
07/03/2017;15,18;;;;;;;;;;;;;;;;;;;;;;;;;;;;;
08/03/2017;14,55;;;;;;;;;;;;;;;;;;;;;;;;;;;;;
09/03/2017;14,5;;;;;;;;;;;;;;;;;;;;;;;;;;;;;
10/03/2017;14,31;;;;;;;;;;;;;;;;;;;;;;;;;;;;;
13/03/2017;14,37;;;;;;;;;;;;;;;;;;;;;;;;;;;;;
14/03/2017;13,59;;;;;;;;;;;;;;;;;;;;;;;;;;;;;
15/03/2017;14,2;;;;;;;;;;;;;;;;;;;;;;;;;;;;;
16/03/2017;13,71;;;;;;;;;;;;;;;;;;;;;;;;;;;;;
17/03/2017;13,16;;;;;;;;;;;;;;;;;;;;;;;;;;;;;
20/03/2017;13,6;;;;;;;;;;;;;;;;;;;;;;;;;;;;;
21/03/2017;13;;;;;;;;;;;;;;;;;;;;;;;;;;;;;
22/03/2017;13,66;;;;;;;;;;;;;;;;;;;;;;;;;;;;;
23/03/2017;13,57;;;;;;;;;;;;;;;;;;;;;;;;;;;;;
24/03/2017;13,48;;;;;;;;;;;;;;;;;;;;;;;;;;;;;
27/03/2017;13,77;;;;;;;;;;;;;;;;;;;;;;;;;;;;;
28/03/2017;13,95;;;;;;;;;;;;;;;;;;;;;;;;;;;;;
29/03/2017;14,45;;;;;;;;;;;;;;;;;;;;;;;;;;;;;
30/03/2017;14,45;;;;;;;;;;;;;;;;;;;;;;;;;;;;;
31/03/2017;14,49;;;;;;;;;;;;;;;;;;;;;;;;;;;;;
03/04/2017;14,67;;;;;;;;;;;;;;;;;;;;;;;;;;;;;
04/04/2017;14,85;;;;;;;;;;;;;;;;;;;;;;;;;;;;;
05/04/2017;14,57;;;;;;;;;;;;;;;;;;;;;;;;;;;;;
06/04/2017;14,53;;;;;;;;;;;;;;;;;;;;;;;;;;;;;
07/04/2017;14,7;;;;;;;;;;;;;;;;;;;;;;;;;;;;;
10/04/2017;14,94;;;;;;;;;;;;;;;;;;;;;;;;;;;;;
11/04/2017;14,68;;;;;;;;;;;;;;;;;;;;;;;;;;;;;
12/04/2017;14,65;;;;;;;;;;;;;;;;;;;;;;;;;;;;;
13/04/2017;14,08;;;;;;;;;;;;;;;;;;;;;;;;;;;;;
17/04/2017;14,28;;;;;;;;;;;;;;;;;;;;;;;;;;;;;
18/04/2017;14,1;;;;;;;;;;;;;;;;;;;;;;;;;;;;;
19/04/2017;13,6;;;;;;;;;;;;;;;;;;;;;;;;;;;;;
20/04/2017;13,88;;;;;;;;;;;;;;;;;;;;;;;;;;;;;
24/04/2017;14,03;;;;;;;;;;;;;;;;;;;;;;;;;;;;;
25/04/2017;14,34;;;;;;;;;;;;;;;;;;;;;;;;;;;;;
26/04/2017;14;;;;;;;;;;;;;;;;;;;;;;;;;;;;;
27/04/2017;13,73;;;;;;;;;;;;;;;;;;;;;;;;;;;;;
28/04/2017;13,97;;;;;;;;;;;;;;;;;;;;;;;;;;;;;
02/05/2017;13,99;;;;;;;;;;;;;;;;;;;;;;;;;;;;;
03/05/2017;14,16;;;;;;;;;;;;;;;;;;;;;;;;;;;;;
04/05/2017;13,6;;;;;;;;;;;;;;;;;;;;;;;;;;;;;
05/05/2017;14,21;;;;;;;;;;;;;;;;;;;;;;;;;;;;;
08/05/2017;14,08;;;;;;;;;;;;;;;;;;;;;;;;;;;;;
09/05/2017;14,14;;;;;;;;;;;;;;;;;;;;;;;;;;;;;
10/05/2017;14,73;;;;;;;;;;;;;;;;;;;;;;;;;;;;;
11/05/2017;14,82;;;;;;;;;;;;;;;;;;;;;;;;;;;;;
12/05/2017;15,45;;;;;;;;;;;;;;;;;;;;;;;;;;;;;
15/05/2017;15,68;;;;;;;;;;;;;;;;;;;;;;;;;;;;;
16/05/2017;15,7;;;;;;;;;;;;;;;;;;;;;;;;;;;;;
17/05/2017;15,61;;;;;;;;;;;;;;;;;;;;;;;;;;;;;
18/05/2017;13,15;;;;;;;;;;;;;;;;;;;;;;;;;;;;;
19/05/2017;13,62;;;;;;;;;;;;;;;;;;;;;;;;;;;;;
22/05/2017;13,4;;;;;;;;;;;;;;;;;;;;;;;;;;;;;
23/05/2017;13,49;;;;;;;;;;;;;;;;;;;;;;;;;;;;;
24/05/2017;14,05;;;;;;;;;;;;;;;;;;;;;;;;;;;;;
25/05/2017;13,74;;;;;;;;;;;;;;;;;;;;;;;;;;;;;
26/05/2017;13,68;;;;;;;;;;;;;;;;;;;;;;;;;;;;;
29/05/2017;13,68;;;;;;;;;;;;;;;;;;;;;;;;;;;;;
30/05/2017;13,36;;;;;;;;;;;;;;;;;;;;;;;;;;;;;
31/05/2017;12,96;;;;;;;;;;;;;;;;;;;;;;;;;;;;;
01/06/2017;12,82;;;;;;;;;;;;;;;;;;;;;;;;;;;;;
02/06/2017;13,05;;;;;;;;;;;;;;;;;;;;;;;;;;;;;
05/06/2017;13,18;;;;;;;;;;;;;;;;;;;;;;;;;;;;;
06/06/2017;13,18;;;;;;;;;;;;;;;;;;;;;;;;;;;;;
07/06/2017;12,87;;;;;;;;;;;;;;;;;;;;;;;;;;;;;
08/06/2017;12,84;;;;;;;;;;;;;;;;;;;;;;;;;;;;;
09/06/2017;12,85;;;;;;;;;;;;;;;;;;;;;;;;;;;;;
12/06/2017;12,9;;;;;;;;;;;;;;;;;;;;;;;;;;;;;
13/06/2017;12,94;;;;;;;;;;;;;;;;;;;;;;;;;;;;;
14/06/2017;12,62;;;;;;;;;;;;;;;;;;;;;;;;;;;;;
15/06/2017;12,62;;;;;;;;;;;;;;;;;;;;;;;;;;;;;
16/06/2017;12,28;;;;;;;;;;;;;;;;;;;;;;;;;;;;;
19/06/2017;12,29;;;;;;;;;;;;;;;;;;;;;;;;;;;;;
20/06/2017;11,86;;;;;;;;;;;;;;;;;;;;;;;;;;;;;
21/06/2017;11,64;;;;;;;;;;;;;;;;;;;;;;;;;;;;;
22/06/2017;12,04;;;;;;;;;;;;;;;;;;;;;;;;;;;;;
23/06/2017;11,93;;;;;;;;;;;;;;;;;;;;;;;;;;;;;
26/06/2017;12,27;;;;;;;;;;;;;;;;;;;;;;;;;;;;;
27/06/2017;12,21;;;;;;;;;;;;;;;;;;;;;;;;;;;;;
28/06/2017;12,08;;;;;;;;;;;;;;;;;;;;;;;;;;;;;
29/06/2017;12,18;;;;;;;;;;;;;;;;;;;;;;;;;;;;;
30/06/2017;12,37;;;;;;;;;;;;;;;;;;;;;;;;;;;;;
03/07/2017;12,36;;;;;;;;;;;;;;;;;;;;;;;;;;;;;
04/07/2017;12,43;;;;;;;;;;;;;;;;;;;;;;;;;;;;;
05/07/2017;12,21;;;;;;;;;;;;;;;;;;;;;;;;;;;;;
06/07/2017;12,17;;;;;;;;;;;;;;;;;;;;;;;;;;;;;
07/07/2017;11,93;;;;;;;;;;;;;;;;;;;;;;;;;;;;;
10/07/2017;11,98;;;;;;;;;;;;;;;;;;;;;;;;;;;;;
11/07/2017;12,33;;;;;;;;;;;;;;;;;;;;;;;;;;;;;
12/07/2017;12,94;;;;;;;;;;;;;;;;;;;;;;;;;;;;;
13/07/2017;12,87;;;;;;;;;;;;;;;;;;;;;;;;;;;;;
14/07/2017;13,05;;;;;;;;;;;;;;;;;;;;;;;;;;;;;
17/07/2017;12,89;;;;;;;;;;;;;;;;;;;;;;;;;;;;;
18/07/2017;12,94;;;;;;;;;;;;;;;;;;;;;;;;;;;;;
19/07/2017;13,23;;;;;;;;;;;;;;;;;;;;;;;;;;;;;
20/07/2017;13,1;;;;;;;;;;;;;;;;;;;;;;;;;;;;;
21/07/2017;12,69;;;;;;;;;;;;;;;;;;;;;;;;;;;;;
24/07/2017;12,88;;;;;;;;;;;;;;;;;;;;;;;;;;;;;
25/07/2017;13,22;;;;;;;;;;;;;;;;;;;;;;;;;;;;;
26/07/2017;13,06;;;;;;;;;;;;;;;;;;;;;;;;;;;;;
27/07/2017;13;;;;;;;;;;;;;;;;;;;;;;;;;;;;;
28/07/2017;13,13;;;;;;;;;;;;;;;;;;;;;;;;;;;;;
31/07/2017;13,29;;;;;;;;;;;;;;;;;;;;;;;;;;;;;
01/08/2017;13,12;;;;;;;;;;;;;;;;;;;;;;;;;;;;;
02/08/2017;13,51;;;;;;;;;;;;;;;;;;;;;;;;;;;;;
03/08/2017;13,31;;;;;;;;;;;;;;;;;;;;;;;;;;;;;
04/08/2017;13,4;;;;;;;;;;;;;;;;;;;;;;;;;;;;;
07/08/2017;13,55;;;;;;;;;;;;;;;;;;;;;;;;;;;;;
08/08/2017;13,49;;;;;;;;;;;;;;;;;;;;;;;;;;;;;
09/08/2017;13,52;;;;;;;;;;;;;;;;;;;;;;;;;;;;;
10/08/2017;13,19;;;;;;;;;;;;;;;;;;;;;;;;;;;;;
11/08/2017;12,95;;;;;;;;;;;;;;;;;;;;;;;;;;;;;
14/08/2017;13,08;;;;;;;;;;;;;;;;;;;;;;;;;;;;;
15/08/2017;13,15;;;;;;;;;;;;;;;;;;;;;;;;;;;;;
16/08/2017;13,13;;;;;;;;;;;;;;;;;;;;;;;;;;;;;
17/08/2017;13,05;;;;;;;;;;;;;;;;;;;;;;;;;;;;;
18/08/2017;13,6;;;;;;;;;;;;;;;;;;;;;;;;;;;;;
21/08/2017;13,34;;;;;;;;;;;;;;;;;;;;;;;;;;;;;
22/08/2017;13,79;;;;;;;;;;;;;;;;;;;;;;;;;;;;;
23/08/2017;13,76;;;;;;;;;;;;;;;;;;;;;;;;;;;;;
24/08/2017;13,8;;;;;;;;;;;;;;;;;;;;;;;;;;;;;
25/08/2017;13,88;;;;;;;;;;;;;;;;;;;;;;;;;;;;;
28/08/2017;13,87;;;;;;;;;;;;;;;;;;;;;;;;;;;;;
29/08/2017;13,85;;;;;;;;;;;;;;;;;;;;;;;;;;;;;
30/08/2017;13,45;;;;;;;;;;;;;;;;;;;;;;;;;;;;;
31/08/2017;13,65;;;;;;;;;;;;;;;;;;;;;;;;;;;;;
01/09/2017;14,02;;;;;;;;;;;;;;;;;;;;;;;;;;;;;
04/09/2017;14,17;;;;;;;;;;;;;;;;;;;;;;;;;;;;;
05/09/2017;14,41;;;;;;;;;;;;;;;;;;;;;;;;;;;;;
06/09/2017;15,02;;;;;;;;;;;;;;;;;;;;;;;;;;;;;
07/09/2017;15,02;;;;;;;;;;;;;;;;;;;;;;;;;;;;;
08/09/2017;14,71;;;;;;;;;;;;;;;;;;;;;;;;;;;;;
11/09/2017;14,99;;;;;;;;;;;;;;;;;;;;;;;;;;;;;
12/09/2017;14,87;;;;;;;;;;;;;;;;;;;;;;;;;;;;;
13/09/2017;15,03;;;;;;;;;;;;;;;;;;;;;;;;;;;;;
14/09/2017;15,04;;;;;;;;;;;;;;;;;;;;;;;;;;;;;
15/09/2017;15,04;;;;;;;;;;;;;;;;;;;;;;;;;;;;;
18/09/2017;15,04;;;;;;;;;;;;;;;;;;;;;;;;;;;;;
19/09/2017;15,14;;;;;;;;;;;;;;;;;;;;;;;;;;;;;
20/09/2017;15,87;;;;;;;;;;;;;;;;;;;;;;;;;;;;;
21/09/2017;15,67;;;;;;;;;;;;;;;;;;;;;;;;;;;;;
22/09/2017;15,69;;;;;;;;;;;;;;;;;;;;;;;;;;;;;
25/09/2017;15,84;;;;;;;;;;;;;;;;;;;;;;;;;;;;;
26/09/2017;15,56;;;;;;;;;;;;;;;;;;;;;;;;;;;;;
27/09/2017;15,31;;;;;;;;;;;;;;;;;;;;;;;;;;;;;
28/09/2017;15,34;;;;;;;;;;;;;;;;;;;;;;;;;;;;;
29/09/2017;15,3;;;;;;;;;;;;;;;;;;;;;;;;;;;;;
02/10/2017;15,4;;;;;;;;;;;;;;;;;;;;;;;;;;;;;
03/10/2017;15,98;;;;;;;;;;;;;;;;;;;;;;;;;;;;;
04/10/2017;15,66;;;;;;;;;;;;;;;;;;;;;;;;;;;;;
05/10/2017;15,9;;;;;;;;;;;;;;;;;;;;;;;;;;;;;
06/10/2017;15,69;;;;;;;;;;;;;;;;;;;;;;;;;;;;;
09/10/2017;15,89;;;;;;;;;;;;;;;;;;;;;;;;;;;;;
10/10/2017;16,190001;;;;;;;;;;;;;;;;;;;;;;;;;;;;;
11/10/2017;16,08;;;;;;;;;;;;;;;;;;;;;;;;;;;;;
12/10/2017;16,08;;;;;;;;;;;;;;;;;;;;;;;;;;;;;
13/10/2017;16,08;;;;;;;;;;;;;;;;;;;;;;;;;;;;;
16/10/2017;16,120001;;;;;;;;;;;;;;;;;;;;;;;;;;;;;
17/10/2017;16,129999;;;;;;;;;;;;;;;;;;;;;;;;;;;;;
18/10/2017;16,16;;;;;;;;;;;;;;;;;;;;;;;;;;;;;
19/10/2017;16,15;;;;;;;;;;;;;;;;;;;;;;;;;;;;;
20/10/2017;16,219999;;;;;;;;;;;;;;;;;;;;;;;;;;;;;
23/10/2017;16,200001;;;;;;;;;;;;;;;;;;;;;;;;;;;;;
24/10/2017;16,51;;;;;;;;;;;;;;;;;;;;;;;;;;;;;
25/10/2017;16,719999;;;;;;;;;;;;;;;;;;;;;;;;;;;;;
26/10/2017;16,73;;;;;;;;;;;;;;;;;;;;;;;;;;;;;
27/10/2017;17,030001;;;;;;;;;;;;;;;;;;;;;;;;;;;;;
30/10/2017;16,780001;;;;;;;;;;;;;;;;;;;;;;;;;;;;;
31/10/2017;16,77;;;;;;;;;;;;;;;;;;;;;;;;;;;;;
01/11/2017;16,9;;;;;;;;;;;;;;;;;;;;;;;;;;;;;
02/11/2017;16,9;;;;;;;;;;;;;;;;;;;;;;;;;;;;;
03/11/2017;16,940001;;;;;;;;;;;;;;;;;;;;;;;;;;;;;
06/11/2017;17,43;;;;;;;;;;;;;;;;;;;;;;;;;;;;;
07/11/2017;16,5;;;;;;;;;;;;;;;;;;;;;;;;;;;;;
08/11/2017;16,950001;;;;;;;;;;;;;;;;;;;;;;;;;;;;;
09/11/2017;16,719999;;;;;;;;;;;;;;;;;;;;;;;;;;;;;
10/11/2017;16,719999;;;;;;;;;;;;;;;;;;;;;;;;;;;;;
13/11/2017;16,639999;;;;;;;;;;;;;;;;;;;;;;;;;;;;;
14/11/2017;15,35;;;;;;;;;;;;;;;;;;;;;;;;;;;;;
15/11/2017;15,35;;;;;;;;;;;;;;;;;;;;;;;;;;;;;
16/11/2017;15,81;;;;;;;;;;;;;;;;;;;;;;;;;;;;;
17/11/2017;16,02;;;;;;;;;;;;;;;;;;;;;;;;;;;;;
20/11/2017;16,02;;;;;;;;;;;;;;;;;;;;;;;;;;;;;
21/11/2017;15,9;;;;;;;;;;;;;;;;;;;;;;;;;;;;;
22/11/2017;16,110001;;;;;;;;;;;;;;;;;;;;;;;;;;;;;
23/11/2017;16,190001;;;;;;;;;;;;;;;;;;;;;;;;;;;;;
24/11/2017;16,1;;;;;;;;;;;;;;;;;;;;;;;;;;;;;
27/11/2017;15,87;;;;;;;;;;;;;;;;;;;;;;;;;;;;;
28/11/2017;15,84;;;;;;;;;;;;;;;;;;;;;;;;;;;;;
29/11/2017;15,33;;;;;;;;;;;;;;;;;;;;;;;;;;;;;
30/11/2017;15,38;;;;;;;;;;;;;;;;;;;;;;;;;;;;;
01/12/2017;15,61;;;;;;;;;;;;;;;;;;;;;;;;;;;;;
04/12/2017;15,48;;;;;;;;;;;;;;;;;;;;;;;;;;;;;
05/12/2017;15,31;;;;;;;;;;;;;;;;;;;;;;;;;;;;;
06/12/2017;15,52;;;;;;;;;;;;;;;;;;;;;;;;;;;;;
07/12/2017;15,26;;;;;;;;;;;;;;;;;;;;;;;;;;;;;
08/12/2017;15,35;;;;;;;;;;;;;;;;;;;;;;;;;;;;;
11/12/2017;15,38;;;;;;;;;;;;;;;;;;;;;;;;;;;;;
12/12/2017;15,49;;;;;;;;;;;;;;;;;;;;;;;;;;;;;
13/12/2017;15,18;;;;;;;;;;;;;;;;;;;;;;;;;;;;;
14/12/2017;15,01;;;;;;;;;;;;;;;;;;;;;;;;;;;;;
15/12/2017;14,95;;;;;;;;;;;;;;;;;;;;;;;;;;;;;
18/12/2017;15,22;;;;;;;;;;;;;;;;;;;;;;;;;;;;;
19/12/2017;15,14;;;;;;;;;;;;;;;;;;;;;;;;;;;;;
20/12/2017;15,24;;;;;;;;;;;;;;;;;;;;;;;;;;;;;
21/12/2017;15,86;;;;;;;;;;;;;;;;;;;;;;;;;;;;;
22/12/2017;15,75;;;;;;;;;;;;;;;;;;;;;;;;;;;;;
25/12/2017;15,75;;;;;;;;;;;;;;;;;;;;;;;;;;;;;
26/12/2017;15,97;;;;;;;;;;;;;;;;;;;;;;;;;;;;;
27/12/2017;16,049999;;;;;;;;;;;;;;;;;;;;;;;;;;;;;
28/12/2017;16,1;;;;;;;;;;;;;;;;;;;;;;;;;;;;;
29/12/2017;16,1;;;;;;;;;;;;;;;;;;;;;;;;;;;;;
02/01/2018;16,549999;;;;;;;;;;;;;;;;;;;;;;;;;;;;;
03/01/2018;16,700001;;;;;;;;;;;;;;;;;;;;;;;;;;;;;
04/01/2018;16,73;;;;;;;;;;;;;;;;;;;;;;;;;;;;;
05/01/2018;16,83;;;;;;;;;;;;;;;;;;;;;;;;;;;;;
08/01/2018;17,030001;;;;;;;;;;;;;;;;;;;;;;;;;;;;;
09/01/2018;17,030001;;;;;;;;;;;;;;;;;;;;;;;;;;;;;
10/01/2018;16,799999;;;;;;;;;;;;;;;;;;;;;;;;;;;;;
11/01/2018;17,25;;;;;;;;;;;;;;;;;;;;;;;;;;;;;
12/01/2018;17,299999;;;;;;;;;;;;;;;;;;;;;;;;;;;;;
15/01/2018;17,35;;;;;;;;;;;;;;;;;;;;;;;;;;;;;
16/01/2018;17,65;;;;;;;;;;;;;;;;;;;;;;;;;;;;;
17/01/2018;18,360001;;;;;;;;;;;;;;;;;;;;;;;;;;;;;
18/01/2018;18,219999;;;;;;;;;;;;;;;;;;;;;;;;;;;;;
19/01/2018;18,26;;;;;;;;;;;;;;;;;;;;;;;;;;;;;
22/01/2018;18,469999;;;;;;;;;;;;;;;;;;;;;;;;;;;;;
23/01/2018;18,24;;;;;;;;;;;;;;;;;;;;;;;;;;;;;
24/01/2018;19,34;;;;;;;;;;;;;;;;;;;;;;;;;;;;;
25/01/2018;19,34;;;;;;;;;;;;;;;;;;;;;;;;;;;;;
26/01/2018;19,93;;;;;;;;;;;;;;;;;;;;;;;;;;;;;
29/01/2018;19,85;;;;;;;;;;;;;;;;;;;;;;;;;;;;;
30/01/2018;19,49;;;;;;;;;;;;;;;;;;;;;;;;;;;;;
31/01/2018;19,700001;;;;;;;;;;;;;;;;;;;;;;;;;;;;;
01/02/2018;20,52;;;;;;;;;;;;;;;;;;;;;;;;;;;;;
02/02/2018;19,969999;;;;;;;;;;;;;;;;;;;;;;;;;;;;;
05/02/2018;19,040001;;;;;;;;;;;;;;;;;;;;;;;;;;;;;
06/02/2018;19,99;;;;;;;;;;;;;;;;;;;;;;;;;;;;;
07/02/2018;19,440001;;;;;;;;;;;;;;;;;;;;;;;;;;;;;
08/02/2018;19,049999;;;;;;;;;;;;;;;;;;;;;;;;;;;;;
09/02/2018;18,77;;;;;;;;;;;;;;;;;;;;;;;;;;;;;
14/02/2018;19,085;;;;;;;;;;;;;;;;;;;;;;;;;;;;;
15/02/2018;19,4;;;;;;;;;;;;;;;;;;;;;;;;;;;;;
16/02/2018;19,42;;;;;;;;;;;;;;;;;;;;;;;;;;;;;
19/02/2018;20,049999;;;;;;;;;;;;;;;;;;;;;;;;;;;;;
20/02/2018;20,440001;;;;;;;;;;;;;;;;;;;;;;;;;;;;;
21/02/2018;20,25;;;;;;;;;;;;;;;;;;;;;;;;;;;;;
22/02/2018;20,74;;;;;;;;;;;;;;;;;;;;;;;;;;;;;
23/02/2018;21,120001;;;;;;;;;;;;;;;;;;;;;;;;;;;;;
26/02/2018;21,52;;;;;;;;;;;;;;;;;;;;;;;;;;;;;
27/02/2018;21,5;;;;;;;;;;;;;;;;;;;;;;;;;;;;;
28/02/2018;21,459999;;;;;;;;;;;;;;;;;;;;;;;;;;;;;
01/03/2018;21,030001;;;;;;;;;;;;;;;;;;;;;;;;;;;;;
02/03/2018;21,51;;;;;;;;;;;;;;;;;;;;;;;;;;;;;
05/03/2018;22,120001;;;;;;;;;;;;;;;;;;;;;;;;;;;;;
06/03/2018;21,9;;;;;;;;;;;;;;;;;;;;;;;;;;;;;
07/03/2018;21,67;;;;;;;;;;;;;;;;;;;;;;;;;;;;;
08/03/2018;21,700001;;;;;;;;;;;;;;;;;;;;;;;;;;;;;
09/03/2018;22,389999;;;;;;;;;;;;;;;;;;;;;;;;;;;;;
12/03/2018;22,33;;;;;;;;;;;;;;;;;;;;;;;;;;;;;
13/03/2018;22,110001;;;;;;;;;;;;;;;;;;;;;;;;;;;;;
14/03/2018;22,379999;;;;;;;;;;;;;;;;;;;;;;;;;;;;;
15/03/2018;21,309999;;;;;;;;;;;;;;;;;;;;;;;;;;;;;
16/03/2018;21,43;;;;;;;;;;;;;;;;;;;;;;;;;;;;;
19/03/2018;20,93;;;;;;;;;;;;;;;;;;;;;;;;;;;;;
20/03/2018;21,16;;;;;;;;;;;;;;;;;;;;;;;;;;;;;
21/03/2018;22,049999;;;;;;;;;;;;;;;;;;;;;;;;;;;;;
22/03/2018;21,719999;;;;;;;;;;;;;;;;;;;;;;;;;;;;;
23/03/2018;21,75;;;;;;;;;;;;;;;;;;;;;;;;;;;;;
26/03/2018;22,030001;;;;;;;;;;;;;;;;;;;;;;;;;;;;;
27/03/2018;21,440001;;;;;;;;;;;;;;;;;;;;;;;;;;;;;
28/03/2018;21,200001;;;;;;;;;;;;;;;;;;;;;;;;;;;;;
29/03/2018;21,41;;;;;;;;;;;;;;;;;;;;;;;;;;;;;
02/04/2018;20,9;;;;;;;;;;;;;;;;;;;;;;;;;;;;;
03/04/2018;20,709999;;;;;;;;;;;;;;;;;;;;;;;;;;;;;
04/04/2018;20,379999;;;;;;;;;;;;;;;;;;;;;;;;;;;;;
05/04/2018;21,15;;;;;;;;;;;;;;;;;;;;;;;;;;;;;
06/04/2018;21,280001;;;;;;;;;;;;;;;;;;;;;;;;;;;;;
09/04/2018;20,530001;;;;;;;;;;;;;;;;;;;;;;;;;;;;;
10/04/2018;21,4;;;;;;;;;;;;;;;;;;;;;;;;;;;;;
11/04/2018;21,799999;;;;;;;;;;;;;;;;;;;;;;;;;;;;;
12/04/2018;21,68;;;;;;;;;;;;;;;;;;;;;;;;;;;;;
13/04/2018;21,200001;;;;;;;;;;;;;;;;;;;;;;;;;;;;;
16/04/2018;20,620001;;;;;;;;;;;;;;;;;;;;;;;;;;;;;
17/04/2018;21,030001;;;;;;;;;;;;;;;;;;;;;;;;;;;;;
18/04/2018;21,799999;;;;;;;;;;;;;;;;;;;;;;;;;;;;;
19/04/2018;22,200001;;;;;;;;;;;;;;;;;;;;;;;;;;;;;
20/04/2018;22,360001;;;;;;;;;;;;;;;;;;;;;;;;;;;;;
23/04/2018;22,48;;;;;;;;;;;;;;;;;;;;;;;;;;;;;
24/04/2018;22,4;;;;;;;;;;;;;;;;;;;;;;;;;;;;;
25/04/2018;21,73;;;;;;;;;;;;;;;;;;;;;;;;;;;;;
26/04/2018;22,629999;;;;;;;;;;;;;;;;;;;;;;;;;;;;;
27/04/2018;22,709999;;;;;;;;;;;;;;;;;;;;;;;;;;;;;
30/04/2018;22,969999;;;;;;;;;;;;;;;;;;;;;;;;;;;;;
02/05/2018;22,6;;;;;;;;;;;;;;;;;;;;;;;;;;;;;
03/05/2018;22,450001;;;;;;;;;;;;;;;;;;;;;;;;;;;;;
04/05/2018;22,27;;;;;;;;;;;;;;;;;;;;;;;;;;;;;
07/05/2018;22,65;;;;;;;;;;;;;;;;;;;;;;;;;;;;;
08/05/2018;22,91;;;;;;;;;;;;;;;;;;;;;;;;;;;;;
09/05/2018;24,780001;;;;;;;;;;;;;;;;;;;;;;;;;;;;;
10/05/2018;25,75;;;;;;;;;;;;;;;;;;;;;;;;;;;;;
11/05/2018;25,440001;;;;;;;;;;;;;;;;;;;;;;;;;;;;;
14/05/2018;26,24;;;;;;;;;;;;;;;;;;;;;;;;;;;;;
15/05/2018;26,790001;;;;;;;;;;;;;;;;;;;;;;;;;;;;;
16/05/2018;27,389999;;;;;;;;;;;;;;;;;;;;;;;;;;;;;
17/05/2018;25,950001;;;;;;;;;;;;;;;;;;;;;;;;;;;;;
18/05/2018;25,65;;;;;;;;;;;;;;;;;;;;;;;;;;;;;
21/05/2018;25,049999;;;;;;;;;;;;;;;;;;;;;;;;;;;;;
22/05/2018;24,709999;;;;;;;;;;;;;;;;;;;;;;;;;;;;;
23/05/2018;23,27;;;;;;;;;;;;;;;;;;;;;;;;;;;;;
24/05/2018;20,08;;;;;;;;;;;;;;;;;;;;;;;;;;;;;
25/05/2018;19,799999;;;;;;;;;;;;;;;;;;;;;;;;;;;;;
28/05/2018;16,91;;;;;;;;;;;;;;;;;;;;;;;;;;;;;
29/05/2018;19,299999;;;;;;;;;;;;;;;;;;;;;;;;;;;;;
30/05/2018;18,98;;;;;;;;;;;;;;;;;;;;;;;;;;;;;
01/06/2018;16,16;;;;;;;;;;;;;;;;;;;;;;;;;;;;;
04/06/2018;17,530001;;;;;;;;;;;;;;;;;;;;;;;;;;;;;
05/06/2018;16,59;;;;;;;;;;;;;;;;;;;;;;;;;;;;;
06/06/2018;16,33;;;;;;;;;;;;;;;;;;;;;;;;;;;;;
07/06/2018;15,76;;;;;;;;;;;;;;;;;;;;;;;;;;;;;
08/06/2018;15,25;;;;;;;;;;;;;;;;;;;;;;;;;;;;;
11/06/2018;15,41;;;;;;;;;;;;;;;;;;;;;;;;;;;;;
12/06/2018;15,46;;;;;;;;;;;;;;;;;;;;;;;;;;;;;
13/06/2018;15,17;;;;;;;;;;;;;;;;;;;;;;;;;;;;;
14/06/2018;15,1;;;;;;;;;;;;;;;;;;;;;;;;;;;;;
15/06/2018;14,97;;;;;;;;;;;;;;;;;;;;;;;;;;;;;
18/06/2018;14,5;;;;;;;;;;;;;;;;;;;;;;;;;;;;;
19/06/2018;15,42;;;;;;;;;;;;;;;;;;;;;;;;;;;;;
20/06/2018;16,209999;;;;;;;;;;;;;;;;;;;;;;;;;;;;;
21/06/2018;15,1;;;;;;;;;;;;;;;;;;;;;;;;;;;;;
22/06/2018;15,11;;;;;;;;;;;;;;;;;;;;;;;;;;;;;
25/06/2018;15,7;;;;;;;;;;;;;;;;;;;;;;;;;;;;;
26/06/2018;16,040001;;;;;;;;;;;;;;;;;;;;;;;;;;;;;
27/06/2018;16,549999;;;;;;;;;;;;;;;;;;;;;;;;;;;;;
28/06/2018;16,6;;;;;;;;;;;;;;;;;;;;;;;;;;;;;
29/06/2018;17,190001;;;;;;;;;;;;;;;;;;;;;;;;;;;;;
02/07/2018;17,469999;;;;;;;;;;;;;;;;;;;;;;;;;;;;;
03/07/2018;17,5;;;;;;;;;;;;;;;;;;;;;;;;;;;;;
04/07/2018;17,610001;;;;;;;;;;;;;;;;;;;;;;;;;;;;;
05/07/2018;17,860001;;;;;;;;;;;;;;;;;;;;;;;;;;;;;
06/07/2018;17,940001;;;;;;;;;;;;;;;;;;;;;;;;;;;;;
10/07/2018;17,75;;;;;;;;;;;;;;;;;;;;;;;;;;;;;
11/07/2018;17,41;;;;;;;;;;;;;;;;;;;;;;;;;;;;;
12/07/2018;17,950001;;;;;;;;;;;;;;;;;;;;;;;;;;;;;
13/07/2018;18,110001;;;;;;;;;;;;;;;;;;;;;;;;;;;;;
16/07/2018;17,879999;;;;;;;;;;;;;;;;;;;;;;;;;;;;;
17/07/2018;18,290001;;;;;;;;;;;;;;;;;;;;;;;;;;;;;
18/07/2018;18,049999;;;;;;;;;;;;;;;;;;;;;;;;;;;;;
19/07/2018;18,4;;;;;;;;;;;;;;;;;;;;;;;;;;;;;
20/07/2018;19,290001;;;;;;;;;;;;;;;;;;;;;;;;;;;;;
23/07/2018;19,26;;;;;;;;;;;;;;;;;;;;;;;;;;;;;
24/07/2018;19,66;;;;;;;;;;;;;;;;;;;;;;;;;;;;;
25/07/2018;19,959999;;;;;;;;;;;;;;;;;;;;;;;;;;;;;
26/07/2018;19,41;;;;;;;;;;;;;;;;;;;;;;;;;;;;;
27/07/2018;19,77;;;;;;;;;;;;;;;;;;;;;;;;;;;;;
30/07/2018;19,889999;;;;;;;;;;;;;;;;;;;;;;;;;;;;;
31/07/2018;19,719999;;;;;;;;;;;;;;;;;;;;;;;;;;;;;
01/08/2018;20,01;;;;;;;;;;;;;;;;;;;;;;;;;;;;;
02/08/2018;20,41;;;;;;;;;;;;;;;;;;;;;;;;;;;;;
03/08/2018;21,110001;;;;;;;;;;;;;;;;;;;;;;;;;;;;;
06/08/2018;21,040001;;;;;;;;;;;;;;;;;;;;;;;;;;;;;
07/08/2018;20,709999;;;;;;;;;;;;;;;;;;;;;;;;;;;;;
08/08/2018;20,139999;;;;;;;;;;;;;;;;;;;;;;;;;;;;;
09/08/2018;20,34;;;;;;;;;;;;;;;;;;;;;;;;;;;;;
10/08/2018;19,59;;;;;;;;;;;;;;;;;;;;;;;;;;;;;
13/08/2018;20,040001;;;;;;;;;;;;;;;;;;;;;;;;;;;;;
14/08/2018;19,98;;;;;;;;;;;;;;;;;;;;;;;;;;;;;
15/08/2018;19,049999;;;;;;;;;;;;;;;;;;;;;;;;;;;;;
16/08/2018;18,950001;;;;;;;;;;;;;;;;;;;;;;;;;;;;;
17/08/2018;18,459999;;;;;;;;;;;;;;;;;;;;;;;;;;;;;
20/08/2018;18,360001;;;;;;;;;;;;;;;;;;;;;;;;;;;;;
21/08/2018;17,719999;;;;;;;;;;;;;;;;;;;;;;;;;;;;;
22/08/2018;18,35;;;;;;;;;;;;;;;;;;;;;;;;;;;;;
23/08/2018;17,950001;;;;;;;;;;;;;;;;;;;;;;;;;;;;;
24/08/2018;18,299999;;;;;;;;;;;;;;;;;;;;;;;;;;;;;
27/08/2018;18,709999;;;;;;;;;;;;;;;;;;;;;;;;;;;;;
28/08/2018;18,35;;;;;;;;;;;;;;;;;;;;;;;;;;;;;
29/08/2018;19,299999;;;;;;;;;;;;;;;;;;;;;;;;;;;;;
30/08/2018;18,799999;;;;;;;;;;;;;;;;;;;;;;;;;;;;;
31/08/2018;19,26;;;;;;;;;;;;;;;;;;;;;;;;;;;;;
03/09/2018;19;;;;;;;;;;;;;;;;;;;;;;;;;;;;;
04/09/2018;18,65;;;;;;;;;;;;;;;;;;;;;;;;;;;;;
05/09/2018;18,75;;;;;;;;;;;;;;;;;;;;;;;;;;;;;
06/09/2018;18,99;;;;;;;;;;;;;;;;;;;;;;;;;;;;;
10/09/2018;19,26;;;;;;;;;;;;;;;;;;;;;;;;;;;;;
11/09/2018;18,5;;;;;;;;;;;;;;;;;;;;;;;;;;;;;
12/09/2018;18,950001;;;;;;;;;;;;;;;;;;;;;;;;;;;;;
13/09/2018;18,709999;;;;;;;;;;;;;;;;;;;;;;;;;;;;;
14/09/2018;18,790001;;;;;;;;;;;;;;;;;;;;;;;;;;;;;
17/09/2018;19,4;;;;;;;;;;;;;;;;;;;;;;;;;;;;;
18/09/2018;20,25;;;;;;;;;;;;;;;;;;;;;;;;;;;;;
19/09/2018;19,98;;;;;;;;;;;;;;;;;;;;;;;;;;;;;
20/09/2018;19,870001;;;;;;;;;;;;;;;;;;;;;;;;;;;;;
21/09/2018;20,139999;;;;;;;;;;;;;;;;;;;;;;;;;;;;;
24/09/2018;20;;;;;;;;;;;;;;;;;;;;;;;;;;;;;
25/09/2018;20,08;;;;;;;;;;;;;;;;;;;;;;;;;;;;;
26/09/2018;20,190001;;;;;;;;;;;;;;;;;;;;;;;;;;;;;
27/09/2018;21,459999;;;;;;;;;;;;;;;;;;;;;;;;;;;;;
28/09/2018;21,09;;;;;;;;;;;;;;;;;;;;;;;;;;;;;
01/10/2018;21;;;;;;;;;;;;;;;;;;;;;;;;;;;;;
02/10/2018;22,82;;;;;;;;;;;;;;;;;;;;;;;;;;;;;
03/10/2018;23,790001;;;;;;;;;;;;;;;;;;;;;;;;;;;;;
04/10/2018;24,02;;;;;;;;;;;;;;;;;;;;;;;;;;;;;
05/10/2018;23,959999;;;;;;;;;;;;;;;;;;;;;;;;;;;;;
08/10/2018;26,6;;;;;;;;;;;;;;;;;;;;;;;;;;;;;
09/10/2018;26,82;;;;;;;;;;;;;;;;;;;;;;;;;;;;;
10/10/2018;26,049999;;;;;;;;;;;;;;;;;;;;;;;;;;;;;
11/10/2018;25,290001;;;;;;;;;;;;;;;;;;;;;;;;;;;;;
15/10/2018;25,77;;;;;;;;;;;;;;;;;;;;;;;;;;;;;
16/10/2018;26,73;;;;;;;;;;;;;;;;;;;;;;;;;;;;;
17/10/2018;26,450001;;;;;;;;;;;;;;;;;;;;;;;;;;;;;
18/10/2018;25,700001;;;;;;;;;;;;;;;;;;;;;;;;;;;;;
19/10/2018;25,92;;;;;;;;;;;;;;;;;;;;;;;;;;;;;
22/10/2018;26,530001;;;;;;;;;;;;;;;;;;;;;;;;;;;;;
23/10/2018;26,200001;;;;;;;;;;;;;;;;;;;;;;;;;;;;;
24/10/2018;25,68;;;;;;;;;;;;;;;;;;;;;;;;;;;;;
25/10/2018;26,32;;;;;;;;;;;;;;;;;;;;;;;;;;;;;
26/10/2018;27,6;;;;;;;;;;;;;;;;;;;;;;;;;;;;;
29/10/2018;26,42;;;;;;;;;;;;;;;;;;;;;;;;;;;;;
30/10/2018;28;;;;;;;;;;;;;;;;;;;;;;;;;;;;;
31/10/2018;27,620001;;;;;;;;;;;;;;;;;;;;;;;;;;;;;
01/11/2018;27,32;;;;;;;;;;;;;;;;;;;;;;;;;;;;;
05/11/2018;28,16;;;;;;;;;;;;;;;;;;;;;;;;;;;;;
06/11/2018;27,190001;;;;;;;;;;;;;;;;;;;;;;;;;;;;;
07/11/2018;26,299999;;;;;;;;;;;;;;;;;;;;;;;;;;;;;
08/11/2018;25,35;;;;;;;;;;;;;;;;;;;;;;;;;;;;;
09/11/2018;25,459999;;;;;;;;;;;;;;;;;;;;;;;;;;;;;
12/11/2018;25,33;;;;;;;;;;;;;;;;;;;;;;;;;;;;;
13/11/2018;24,24;;;;;;;;;;;;;;;;;;;;;;;;;;;;;
14/11/2018;25,1;;;;;;;;;;;;;;;;;;;;;;;;;;;;;
16/11/2018;25,799999;;;;;;;;;;;;;;;;;;;;;;;;;;;;;
19/11/2018;26;;;;;;;;;;;;;;;;;;;;;;;;;;;;;
21/11/2018;25,17;;;;;;;;;;;;;;;;;;;;;;;;;;;;;
22/11/2018;25,15;;;;;;;;;;;;;;;;;;;;;;;;;;;;;
23/11/2018;24,370001;;;;;;;;;;;;;;;;;;;;;;;;;;;;;
26/11/2018;24,25;;;;;;;;;;;;;;;;;;;;;;;;;;;;;
27/11/2018;25,530001;;;;;;;;;;;;;;;;;;;;;;;;;;;;;
28/11/2018;25,379999;;;;;;;;;;;;;;;;;;;;;;;;;;;;;
29/11/2018;25,17;;;;;;;;;;;;;;;;;;;;;;;;;;;;;
30/11/2018;25,459999;;;;;;;;;;;;;;;;;;;;;;;;;;;;;
03/12/2018;25,940001;;;;;;;;;;;;;;;;;;;;;;;;;;;;;
04/12/2018;25,34;;;;;;;;;;;;;;;;;;;;;;;;;;;;;
05/12/2018;25,559999;;;;;;;;;;;;;;;;;;;;;;;;;;;;;
06/12/2018;24,59;;;;;;;;;;;;;;;;;;;;;;;;;;;;;
07/12/2018;24,77;;;;;;;;;;;;;;;;;;;;;;;;;;;;;
10/12/2018;23,440001;;;;;;;;;;;;;;;;;;;;;;;;;;;;;
11/12/2018;23,290001;;;;;;;;;;;;;;;;;;;;;;;;;;;;;
12/12/2018;23,299999;;;;;;;;;;;;;;;;;;;;;;;;;;;;;
13/12/2018;23,360001;;;;;;;;;;;;;;;;;;;;;;;;;;;;;
14/12/2018;23,049999;;;;;;;;;;;;;;;;;;;;;;;;;;;;;
17/12/2018;22,870001;;;;;;;;;;;;;;;;;;;;;;;;;;;;;
18/12/2018;22;;;;;;;;;;;;;;;;;;;;;;;;;;;;;
19/12/2018;22,25;;;;;;;;;;;;;;;;;;;;;;;;;;;;;
20/12/2018;21,49;;;;;;;;;;;;;;;;;;;;;;;;;;;;;
21/12/2018;21,549999;;;;;;;;;;;;;;;;;;;;;;;;;;;;;
26/12/2018;21,68;;;;;;;;;;;;;;;;;;;;;;;;;;;;;
27/12/2018;21,67;;;;;;;;;;;;;;;;;;;;;;;;;;;;;
28/12/2018;22,68;;;;;;;;;;;;;;;;;;;;;;;;;;;;;
02/01/2019;24,059999;;;;;;;;;;;;;;;;;;;;;;;;;;;;;
03/01/2019;24,65;;;;;;;;;;;;;;;;;;;;;;;;;;;;;
04/01/2019;24,719999;;;;;;;;;;;;;;;;;;;;;;;;;;;;;
07/01/2019;25,110001;;;;;;;;;;;;;;;;;;;;;;;;;;;;;
08/01/2019;24,959999;;;;;;;;;;;;;;;;;;;;;;;;;;;;;
09/01/2019;25,48;;;;;;;;;;;;;;;;;;;;;;;;;;;;;
10/01/2019;25,26;;;;;;;;;;;;;;;;;;;;;;;;;;;;;
11/01/2019;24,99;;;;;;;;;;;;;;;;;;;;;;;;;;;;;
14/01/2019;24,85;;;;;;;;;;;;;;;;;;;;;;;;;;;;;
15/01/2019;24,83;;;;;;;;;;;;;;;;;;;;;;;;;;;;;
16/01/2019;24,82;;;;;;;;;;;;;;;;;;;;;;;;;;;;;
17/01/2019;25,16;;;;;;;;;;;;;;;;;;;;;;;;;;;;;
18/01/2019;25,4;;;;;;;;;;;;;;;;;;;;;;;;;;;;;
21/01/2019;25,530001;;;;;;;;;;;;;;;;;;;;;;;;;;;;;
22/01/2019;25,129999;;;;;;;;;;;;;;;;;;;;;;;;;;;;;
23/01/2019;25,43;;;;;;;;;;;;;;;;;;;;;;;;;;;;;
24/01/2019;25,540001;;;;;;;;;;;;;;;;;;;;;;;;;;;;;
28/01/2019;24,77;;;;;;;;;;;;;;;;;;;;;;;;;;;;;
29/01/2019;25,370001;;;;;;;;;;;;;;;;;;;;;;;;;;;;;
30/01/2019;25,620001;;;;;;;;;;;;;;;;;;;;;;;;;;;;;
31/01/2019;25,58;;;;;;;;;;;;;;;;;;;;;;;;;;;;;
01/02/2019;25,799999;;;;;;;;;;;;;;;;;;;;;;;;;;;;;
04/02/2019;26,030001;;;;;;;;;;;;;;;;;;;;;;;;;;;;;
05/02/2019;26,08;;;;;;;;;;;;;;;;;;;;;;;;;;;;;
06/02/2019;25,49;;;;;;;;;;;;;;;;;;;;;;;;;;;;;
07/02/2019;25,09;;;;;;;;;;;;;;;;;;;;;;;;;;;;;
08/02/2019;25,129999;;;;;;;;;;;;;;;;;;;;;;;;;;;;;
11/02/2019;24,84;;;;;;;;;;;;;;;;;;;;;;;;;;;;;
12/02/2019;25,719999;;;;;;;;;;;;;;;;;;;;;;;;;;;;;
13/02/2019;26,049999;;;;;;;;;;;;;;;;;;;;;;;;;;;;;
14/02/2019;26,950001;;;;;;;;;;;;;;;;;;;;;;;;;;;;;
15/02/2019;26,84;;;;;;;;;;;;;;;;;;;;;;;;;;;;;
18/02/2019;26,76;;;;;;;;;;;;;;;;;;;;;;;;;;;;;
19/02/2019;27,379999;;;;;;;;;;;;;;;;;;;;;;;;;;;;;
20/02/2019;27,040001;;;;;;;;;;;;;;;;;;;;;;;;;;;;;
21/02/2019;27,4;;;;;;;;;;;;;;;;;;;;;;;;;;;;;
22/02/2019;27,129999;;;;;;;;;;;;;;;;;;;;;;;;;;;;;
25/02/2019;26,700001;;;;;;;;;;;;;;;;;;;;;;;;;;;;;
26/02/2019;26,58;;;;;;;;;;;;;;;;;;;;;;;;;;;;;
27/02/2019;27,08;;;;;;;;;;;;;;;;;;;;;;;;;;;;;
28/02/2019;27,059999;;;;;;;;;;;;;;;;;;;;;;;;;;;;;
01/03/2019;26,700001;;;;;;;;;;;;;;;;;;;;;;;;;;;;;
06/03/2019;26,7350005;;;;;;;;;;;;;;;;;;;;;;;;;;;;;
07/03/2019;26,77;;;;;;;;;;;;;;;;;;;;;;;;;;;;;
08/03/2019;26,67;;;;;;;;;;;;;;;;;;;;;;;;;;;;;
11/03/2019;27,75;;;;;;;;;;;;;;;;;;;;;;;;;;;;;
12/03/2019;27,5;;;;;;;;;;;;;;;;;;;;;;;;;;;;;
13/03/2019;28,1;;;;;;;;;;;;;;;;;;;;;;;;;;;;;
14/03/2019;28,190001;;;;;;;;;;;;;;;;;;;;;;;;;;;;;
15/03/2019;28,25;;;;;;;;;;;;;;;;;;;;;;;;;;;;;
18/03/2019;28,74;;;;;;;;;;;;;;;;;;;;;;;;;;;;;
19/03/2019;29,200001;;;;;;;;;;;;;;;;;;;;;;;;;;;;;
20/03/2019;28,969999;;;;;;;;;;;;;;;;;;;;;;;;;;;;;
21/03/2019;28,559999;;;;;;;;;;;;;;;;;;;;;;;;;;;;;
22/03/2019;27;;;;;;;;;;;;;;;;;;;;;;;;;;;;;
25/03/2019;27,34;;;;;;;;;;;;;;;;;;;;;;;;;;;;;
26/03/2019;28,629999;;;;;;;;;;;;;;;;;;;;;;;;;;;;;
27/03/2019;27,34;;;;;;;;;;;;;;;;;;;;;;;;;;;;;
28/03/2019;28,059999;;;;;;;;;;;;;;;;;;;;;;;;;;;;;
29/03/2019;28,059999;;;;;;;;;;;;;;;;;;;;;;;;;;;;;
01/04/2019;28;;;;;;;;;;;;;;;;;;;;;;;;;;;;;
02/04/2019;28,290001;;;;;;;;;;;;;;;;;;;;;;;;;;;;;
03/04/2019;27,540001;;;;;;;;;;;;;;;;;;;;;;;;;;;;;
04/04/2019;28,469999;;;;;;;;;;;;;;;;;;;;;;;;;;;;;
05/04/2019;28,780001;;;;;;;;;;;;;;;;;;;;;;;;;;;;;
08/04/2019;29,25;;;;;;;;;;;;;;;;;;;;;;;;;;;;;
09/04/2019;29,16;;;;;;;;;;;;;;;;;;;;;;;;;;;;;
10/04/2019;28,780001;;;;;;;;;;;;;;;;;;;;;;;;;;;;;
11/04/2019;28;;;;;;;;;;;;;;;;;;;;;;;;;;;;;
12/04/2019;25,83;;;;;;;;;;;;;;;;;;;;;;;;;;;;;
15/04/2019;25,93;;;;;;;;;;;;;;;;;;;;;;;;;;;;;
16/04/2019;26,719999;;;;;;;;;;;;;;;;;;;;;;;;;;;;;
17/04/2019;26,75;;;;;;;;;;;;;;;;;;;;;;;;;;;;;
18/04/2019;27,6;;;;;;;;;;;;;;;;;;;;;;;;;;;;;
22/04/2019;27,440001;;;;;;;;;;;;;;;;;;;;;;;;;;;;;
23/04/2019;27,68;;;;;;;;;;;;;;;;;;;;;;;;;;;;;
24/04/2019;27,6;;;;;;;;;;;;;;;;;;;;;;;;;;;;;
25/04/2019;27,799999;;;;;;;;;;;;;;;;;;;;;;;;;;;;;
26/04/2019;27,25;;;;;;;;;;;;;;;;;;;;;;;;;;;;;
29/04/2019;27,370001;;;;;;;;;;;;;;;;;;;;;;;;;;;;;
30/04/2019;27,110001;;;;;;;;;;;;;;;;;;;;;;;;;;;;;
02/05/2019;26,73;;;;;;;;;;;;;;;;;;;;;;;;;;;;;
03/05/2019;26,85;;;;;;;;;;;;;;;;;;;;;;;;;;;;;
06/05/2019;26,77;;;;;;;;;;;;;;;;;;;;;;;;;;;;;
07/05/2019;26,35;;;;;;;;;;;;;;;;;;;;;;;;;;;;;
08/05/2019;27,370001;;;;;;;;;;;;;;;;;;;;;;;;;;;;;
09/05/2019;26,83;;;;;;;;;;;;;;;;;;;;;;;;;;;;;
10/05/2019;26,68;;;;;;;;;;;;;;;;;;;;;;;;;;;;;
13/05/2019;25,9;;;;;;;;;;;;;;;;;;;;;;;;;;;;;
14/05/2019;26;;;;;;;;;;;;;;;;;;;;;;;;;;;;;
15/05/2019;25,879999;;;;;;;;;;;;;;;;;;;;;;;;;;;;;
16/05/2019;25,27;;;;;;;;;;;;;;;;;;;;;;;;;;;;;
17/05/2019;24,68;;;;;;;;;;;;;;;;;;;;;;;;;;;;;
20/05/2019;25,52;;;;;;;;;;;;;;;;;;;;;;;;;;;;;
21/05/2019;26,49;;;;;;;;;;;;;;;;;;;;;;;;;;;;;
22/05/2019;26,290001;;;;;;;;;;;;;;;;;;;;;;;;;;;;;
23/05/2019;25,84;;;;;;;;;;;;;;;;;;;;;;;;;;;;;
24/05/2019;26,09;;;;;;;;;;;;;;;;;;;;;;;;;;;;;
27/05/2019;26,24;;;;;;;;;;;;;;;;;;;;;;;;;;;;;
28/05/2019;26,799999;;;;;;;;;;;;;;;;;;;;;;;;;;;;;
29/05/2019;26,5;;;;;;;;;;;;;;;;;;;;;;;;;;;;;
30/05/2019;26,15;;;;;;;;;;;;;;;;;;;;;;;;;;;;;
31/05/2019;25,549999;;;;;;;;;;;;;;;;;;;;;;;;;;;;;
03/06/2019;25,99;;;;;;;;;;;;;;;;;;;;;;;;;;;;;
04/06/2019;26,200001;;;;;;;;;;;;;;;;;;;;;;;;;;;;;
05/06/2019;25,860001;;;;;;;;;;;;;;;;;;;;;;;;;;;;;
06/06/2019;26,280001;;;;;;;;;;;;;;;;;;;;;;;;;;;;;
07/06/2019;26,76;;;;;;;;;;;;;;;;;;;;;;;;;;;;;
10/06/2019;26,65;;;;;;;;;;;;;;;;;;;;;;;;;;;;;
11/06/2019;27,16;;;;;;;;;;;;;;;;;;;;;;;;;;;;;
12/06/2019;26,85;;;;;;;;;;;;;;;;;;;;;;;;;;;;;
13/06/2019;27,18;;;;;;;;;;;;;;;;;;;;;;;;;;;;;
14/06/2019;27,059999;;;;;;;;;;;;;;;;;;;;;;;;;;;;;
17/06/2019;27,110001;;;;;;;;;;;;;;;;;;;;;;;;;;;;;
18/06/2019;27,450001;;;;;;;;;;;;;;;;;;;;;;;;;;;;;
19/06/2019;27,52;;;;;;;;;;;;;;;;;;;;;;;;;;;;;
21/06/2019;28,280001;;;;;;;;;;;;;;;;;;;;;;;;;;;;;
24/06/2019;28,25;;;;;;;;;;;;;;;;;;;;;;;;;;;;;
25/06/2019;27,51;;;;;;;;;;;;;;;;;;;;;;;;;;;;;
26/06/2019;27,67;;;;;;;;;;;;;;;;;;;;;;;;;;;;;
27/06/2019;27,23;;;;;;;;;;;;;;;;;;;;;;;;;;;;;
28/06/2019;27,41;;;;;;;;;;;;;;;;;;;;;;;;;;;;;
01/07/2019;27,26;;;;;;;;;;;;;;;;;;;;;;;;;;;;;
02/07/2019;26,82;;;;;;;;;;;;;;;;;;;;;;;;;;;;;
03/07/2019;27,18;;;;;;;;;;;;;;;;;;;;;;;;;;;;;
04/07/2019;27,389999;;;;;;;;;;;;;;;;;;;;;;;;;;;;;
05/07/2019;27,4;;;;;;;;;;;;;;;;;;;;;;;;;;;;;
08/07/2019;27,65;;;;;;;;;;;;;;;;;;;;;;;;;;;;;
10/07/2019;28,07;;;;;;;;;;;;;;;;;;;;;;;;;;;;;
11/07/2019;28,4;;;;;;;;;;;;;;;;;;;;;;;;;;;;;
12/07/2019;28,530001;;;;;;;;;;;;;;;;;;;;;;;;;;;;;
15/07/2019;28,18;;;;;;;;;;;;;;;;;;;;;;;;;;;;;
16/07/2019;27,83;;;;;;;;;;;;;;;;;;;;;;;;;;;;;
17/07/2019;27,68;;;;;;;;;;;;;;;;;;;;;;;;;;;;;
18/07/2019;27,51;;;;;;;;;;;;;;;;;;;;;;;;;;;;;
19/07/2019;27,440001;;;;;;;;;;;;;;;;;;;;;;;;;;;;;
22/07/2019;27,49;;;;;;;;;;;;;;;;;;;;;;;;;;;;;
23/07/2019;27,52;;;;;;;;;;;;;;;;;;;;;;;;;;;;;
24/07/2019;27,35;;;;;;;;;;;;;;;;;;;;;;;;;;;;;
25/07/2019;26,889999;;;;;;;;;;;;;;;;;;;;;;;;;;;;;
26/07/2019;26,139999;;;;;;;;;;;;;;;;;;;;;;;;;;;;;
29/07/2019;26,379999;;;;;;;;;;;;;;;;;;;;;;;;;;;;;
30/07/2019;26,24;;;;;;;;;;;;;;;;;;;;;;;;;;;;;
31/07/2019;26,08;;;;;;;;;;;;;;;;;;;;;;;;;;;;;
01/08/2019;26,25;;;;;;;;;;;;;;;;;;;;;;;;;;;;;
02/08/2019;26,52;;;;;;;;;;;;;;;;;;;;;;;;;;;;;
05/08/2019;25,549999;;;;;;;;;;;;;;;;;;;;;;;;;;;;;
06/08/2019;25,879999;;;;;;;;;;;;;;;;;;;;;;;;;;;;;
07/08/2019;25,6;;;;;;;;;;;;;;;;;;;;;;;;;;;;;
08/08/2019;26,35;;;;;;;;;;;;;;;;;;;;;;;;;;;;;
09/08/2019;26,280001;;;;;;;;;;;;;;;;;;;;;;;;;;;;;
12/08/2019;25,65;;;;;;;;;;;;;;;;;;;;;;;;;;;;;
13/08/2019;25,790001;;;;;;;;;;;;;;;;;;;;;;;;;;;;;
14/08/2019;24,92;;;;;;;;;;;;;;;;;;;;;;;;;;;;;
15/08/2019;24,23;;;;;;;;;;;;;;;;;;;;;;;;;;;;;
16/08/2019;23,91;;;;;;;;;;;;;;;;;;;;;;;;;;;;;
19/08/2019;24,030001;;;;;;;;;;;;;;;;;;;;;;;;;;;;;
20/08/2019;24,02;;;;;;;;;;;;;;;;;;;;;;;;;;;;;
21/08/2019;25,450001;;;;;;;;;;;;;;;;;;;;;;;;;;;;;
22/08/2019;25,219999;;;;;;;;;;;;;;;;;;;;;;;;;;;;;
23/08/2019;24,280001;;;;;;;;;;;;;;;;;;;;;;;;;;;;;
26/08/2019;23,959999;;;;;;;;;;;;;;;;;;;;;;;;;;;;;
27/08/2019;24,34;;;;;;;;;;;;;;;;;;;;;;;;;;;;;
28/08/2019;24,59;;;;;;;;;;;;;;;;;;;;;;;;;;;;;
29/08/2019;25,5;;;;;;;;;;;;;;;;;;;;;;;;;;;;;
30/08/2019;25,5;;;;;;;;;;;;;;;;;;;;;;;;;;;;;
02/09/2019;25,299999;;;;;;;;;;;;;;;;;;;;;;;;;;;;;
03/09/2019;25,6;;;;;;;;;;;;;;;;;;;;;;;;;;;;;
04/09/2019;26,26;;;;;;;;;;;;;;;;;;;;;;;;;;;;;
05/09/2019;26,389999;;;;;;;;;;;;;;;;;;;;;;;;;;;;;
06/09/2019;26,52;;;;;;;;;;;;;;;;;;;;;;;;;;;;;
09/09/2019;26,93;;;;;;;;;;;;;;;;;;;;;;;;;;;;;
10/09/2019;27,1;;;;;;;;;;;;;;;;;;;;;;;;;;;;;
11/09/2019;26,870001;;;;;;;;;;;;;;;;;;;;;;;;;;;;;
12/09/2019;27,059999;;;;;;;;;;;;;;;;;;;;;;;;;;;;;
13/09/2019;26,879999;;;;;;;;;;;;;;;;;;;;;;;;;;;;;
16/09/2019;28,059999;;;;;;;;;;;;;;;;;;;;;;;;;;;;;
17/09/2019;27,690001;;;;;;;;;;;;;;;;;;;;;;;;;;;;;
18/09/2019;27,219999;;;;;;;;;;;;;;;;;;;;;;;;;;;;;
19/09/2019;27,290001;;;;;;;;;;;;;;;;;;;;;;;;;;;;;
20/09/2019;27;;;;;;;;;;;;;;;;;;;;;;;;;;;;;
23/09/2019;27,48;;;;;;;;;;;;;;;;;;;;;;;;;;;;;
24/09/2019;27,27;;;;;;;;;;;;;;;;;;;;;;;;;;;;;
25/09/2019;27,34;;;;;;;;;;;;;;;;;;;;;;;;;;;;;
26/09/2019;27,700001;;;;;;;;;;;;;;;;;;;;;;;;;;;;;
27/09/2019;27,66;;;;;;;;;;;;;;;;;;;;;;;;;;;;;
30/09/2019;27,549999;;;;;;;;;;;;;;;;;;;;;;;;;;;;;
01/10/2019;27,51;;;;;;;;;;;;;;;;;;;;;;;;;;;;;
02/10/2019;26,719999;;;;;;;;;;;;;;;;;;;;;;;;;;;;;
03/10/2019;26,74;;;;;;;;;;;;;;;;;;;;;;;;;;;;;
04/10/2019;26,51;;;;;;;;;;;;;;;;;;;;;;;;;;;;;
07/10/2019;26,17;;;;;;;;;;;;;;;;;;;;;;;;;;;;;
08/10/2019;26,02;;;;;;;;;;;;;;;;;;;;;;;;;;;;;
09/10/2019;26,52;;;;;;;;;;;;;;;;;;;;;;;;;;;;;
10/10/2019;26,74;;;;;;;;;;;;;;;;;;;;;;;;;;;;;
11/10/2019;27,26;;;;;;;;;;;;;;;;;;;;;;;;;;;;;
14/10/2019;27,309999;;;;;;;;;;;;;;;;;;;;;;;;;;;;;
15/10/2019;27,6;;;;;;;;;;;;;;;;;;;;;;;;;;;;;
16/10/2019;27,93;;;;;;;;;;;;;;;;;;;;;;;;;;;;;
17/10/2019;27,66;;;;;;;;;;;;;;;;;;;;;;;;;;;;;
18/10/2019;27,6;;;;;;;;;;;;;;;;;;;;;;;;;;;;;
21/10/2019;27,77;;;;;;;;;;;;;;;;;;;;;;;;;;;;;
22/10/2019;28,57;;;;;;;;;;;;;;;;;;;;;;;;;;;;;
23/10/2019;28,950001;;;;;;;;;;;;;;;;;;;;;;;;;;;;;
24/10/2019;28,32;;;;;;;;;;;;;;;;;;;;;;;;;;;;;
25/10/2019;29,25;;;;;;;;;;;;;;;;;;;;;;;;;;;;;
28/10/2019;29,6;;;;;;;;;;;;;;;;;;;;;;;;;;;;;
29/10/2019;29,82;;;;;;;;;;;;;;;;;;;;;;;;;;;;;
30/10/2019;30,08;;;;;;;;;;;;;;;;;;;;;;;;;;;;;
31/10/2019;30,389999;;;;;;;;;;;;;;;;;;;;;;;;;;;;;
01/11/2019;30,43;;;;;;;;;;;;;;;;;;;;;;;;;;;;;
04/11/2019;30,360001;;;;;;;;;;;;;;;;;;;;;;;;;;;;;
05/11/2019;29,65;;;;;;;;;;;;;;;;;;;;;;;;;;;;;
06/11/2019;29,709999;;;;;;;;;;;;;;;;;;;;;;;;;;;;;
07/11/2019;30,9;;;;;;;;;;;;;;;;;;;;;;;;;;;;;
08/11/2019;30,02;;;;;;;;;;;;;;;;;;;;;;;;;;;;;
11/11/2019;30,450001;;;;;;;;;;;;;;;;;;;;;;;;;;;;;
12/11/2019;30,02;;;;;;;;;;;;;;;;;;;;;;;;;;;;;
13/11/2019;29,9;;;;;;;;;;;;;;;;;;;;;;;;;;;;;
14/11/2019;29,299999;;;;;;;;;;;;;;;;;;;;;;;;;;;;;
18/11/2019;29,08;;;;;;;;;;;;;;;;;;;;;;;;;;;;;
19/11/2019;28,780001;;;;;;;;;;;;;;;;;;;;;;;;;;;;;
21/11/2019;29,85;;;;;;;;;;;;;;;;;;;;;;;;;;;;;
22/11/2019;29,98;;;;;;;;;;;;;;;;;;;;;;;;;;;;;
25/11/2019;29,73;;;;;;;;;;;;;;;;;;;;;;;;;;;;;
26/11/2019;29,190001;;;;;;;;;;;;;;;;;;;;;;;;;;;;;
27/11/2019;29,33;;;;;;;;;;;;;;;;;;;;;;;;;;;;;
28/11/2019;29,530001;;;;;;;;;;;;;;;;;;;;;;;;;;;;;
29/11/2019;29,15;;;;;;;;;;;;;;;;;;;;;;;;;;;;;
02/12/2019;29,07;;;;;;;;;;;;;;;;;;;;;;;;;;;;;
03/12/2019;28,98;;;;;;;;;;;;;;;;;;;;;;;;;;;;;
04/12/2019;29,66;;;;;;;;;;;;;;;;;;;;;;;;;;;;;
05/12/2019;30,049999;;;;;;;;;;;;;;;;;;;;;;;;;;;;;
06/12/2019;30,35;;;;;;;;;;;;;;;;;;;;;;;;;;;;;
09/12/2019;30,209999;;;;;;;;;;;;;;;;;;;;;;;;;;;;;
10/12/2019;30,440001;;;;;;;;;;;;;;;;;;;;;;;;;;;;;
11/12/2019;30,4;;;;;;;;;;;;;;;;;;;;;;;;;;;;;
12/12/2019;30,969999;;;;;;;;;;;;;;;;;;;;;;;;;;;;;
13/12/2019;29,98;;;;;;;;;;;;;;;;;;;;;;;;;;;;;
16/12/2019;29,41;;;;;;;;;;;;;;;;;;;;;;;;;;;;;
17/12/2019;29,85;;;;;;;;;;;;;;;;;;;;;;;;;;;;;
18/12/2019;30,540001;;;;;;;;;;;;;;;;;;;;;;;;;;;;;
19/12/2019;30,610001;;;;;;;;;;;;;;;;;;;;;;;;;;;;;
20/12/2019;30,26;;;;;;;;;;;;;;;;;;;;;;;;;;;;;
23/12/2019;30,5;;;;;;;;;;;;;;;;;;;;;;;;;;;;;
26/12/2019;30,91;;;;;;;;;;;;;;;;;;;;;;;;;;;;;
27/12/2019;30,52;;;;;;;;;;;;;;;;;;;;;;;;;;;;;
30/12/2019;30,18;;;;;;;;;;;;;;;;;;;;;;;;;;;;;
02/01/2020;30,700001;;;;;;;;;;;;;;;;;;;;;;;;;;;;;
03/01/2020;30,450001;;;;;;;;;;;;;;;;;;;;;;;;;;;;;
06/01/2020;30,809999;;;;;;;;;;;;;;;;;;;;;;;;;;;;;
07/01/2020;30,690001;;;;;;;;;;;;;;;;;;;;;;;;;;;;;
08/01/2020;30,5;;;;;;;;;;;;;;;;;;;;;;;;;;;;;
09/01/2020;30,4;;;;;;;;;;;;;;;;;;;;;;;;;;;;;
10/01/2020;30,27;;;;;;;;;;;;;;;;;;;;;;;;;;;;;
13/01/2020;30,33;;;;;;;;;;;;;;;;;;;;;;;;;;;;;
14/01/2020;30;;;;;;;;;;;;;;;;;;;;;;;;;;;;;
15/01/2020;29,549999;;;;;;;;;;;;;;;;;;;;;;;;;;;;;
16/01/2020;29,52;;;;;;;;;;;;;;;;;;;;;;;;;;;;;
17/01/2020;29,85;;;;;;;;;;;;;;;;;;;;;;;;;;;;;
20/01/2020;30;;;;;;;;;;;;;;;;;;;;;;;;;;;;;
21/01/2020;29,620001;;;;;;;;;;;;;;;;;;;;;;;;;;;;;
22/01/2020;29,290001;;;;;;;;;;;;;;;;;;;;;;;;;;;;;
23/01/2020;29,65;;;;;;;;;;;;;;;;;;;;;;;;;;;;;
24/01/2020;29,299999;;;;;;;;;;;;;;;;;;;;;;;;;;;;;
27/01/2020;28,030001;;;;;;;;;;;;;;;;;;;;;;;;;;;;;
28/01/2020;28,799999;;;;;;;;;;;;;;;;;;;;;;;;;;;;;
29/01/2020;28,85;;;;;;;;;;;;;;;;;;;;;;;;;;;;;
30/01/2020;28,940001;;;;;;;;;;;;;;;;;;;;;;;;;;;;;
31/01/2020;28,450001;;;;;;;;;;;;;;;;;;;;;;;;;;;;;
03/02/2020;28,18;;;;;;;;;;;;;;;;;;;;;;;;;;;;;
04/02/2020;28,629999;;;;;;;;;;;;;;;;;;;;;;;;;;;;;
05/02/2020;28,389999;;;;;;;;;;;;;;;;;;;;;;;;;;;;;
06/02/2020;29,18;;;;;;;;;;;;;;;;;;;;;;;;;;;;;
07/02/2020;28,93;;;;;;;;;;;;;;;;;;;;;;;;;;;;;
10/02/2020;29,129999;;;;;;;;;;;;;;;;;;;;;;;;;;;;;
11/02/2020;29,48;;;;;;;;;;;;;;;;;;;;;;;;;;;;;
12/02/2020;30,129999;;;;;;;;;;;;;;;;;;;;;;;;;;;;;
13/02/2020;29,719999;;;;;;;;;;;;;;;;;;;;;;;;;;;;;
14/02/2020;29,42;;;;;;;;;;;;;;;;;;;;;;;;;;;;;
17/02/2020;29,360001;;;;;;;;;;;;;;;;;;;;;;;;;;;;;
18/02/2020;29,75;;;;;;;;;;;;;;;;;;;;;;;;;;;;;
19/02/2020;30,549999;;;;;;;;;;;;;;;;;;;;;;;;;;;;;
20/02/2020;29,92;;;;;;;;;;;;;;;;;;;;;;;;;;;;;
21/02/2020;29,139999;;;;;;;;;;;;;;;;;;;;;;;;;;;;;
26/02/2020;27,219999;;;;;;;;;;;;;;;;;;;;;;;;;;;;;
27/02/2020;25,299999;;;;;;;;;;;;;;;;;;;;;;;;;;;;;
28/02/2020;25,34;;;;;;;;;;;;;;;;;;;;;;;;;;;;;
02/03/2020;26,530001;;;;;;;;;;;;;;;;;;;;;;;;;;;;;
03/03/2020;26,049999;;;;;;;;;;;;;;;;;;;;;;;;;;;;;
04/03/2020;26,889999;;;;;;;;;;;;;;;;;;;;;;;;;;;;;
05/03/2020;25,290001;;;;;;;;;;;;;;;;;;;;;;;;;;;;;
06/03/2020;22,83;;;;;;;;;;;;;;;;;;;;;;;;;;;;;
09/03/2020;16,049999;;;;;;;;;;;;;;;;;;;;;;;;;;;;;
10/03/2020;17,559999;;;;;;;;;;;;;;;;;;;;;;;;;;;;;
11/03/2020;15,85;;;;;;;;;;;;;;;;;;;;;;;;;;;;;
12/03/2020;12,6;;;;;;;;;;;;;;;;;;;;;;;;;;;;;
13/03/2020;15,4;;;;;;;;;;;;;;;;;;;;;;;;;;;;;
16/03/2020;13,09;;;;;;;;;;;;;;;;;;;;;;;;;;;;;
17/03/2020;13;;;;;;;;;;;;;;;;;;;;;;;;;;;;;
18/03/2020;11,29;;;;;;;;;;;;;;;;;;;;;;;;;;;;;
19/03/2020;12,21;;;;;;;;;;;;;;;;;;;;;;;;;;;;;
20/03/2020;12;;;;;;;;;;;;;;;;;;;;;;;;;;;;;
23/03/2020;11,5;;;;;;;;;;;;;;;;;;;;;;;;;;;;;
24/03/2020;13,25;;;;;;;;;;;;;;;;;;;;;;;;;;;;;
25/03/2020;14,32;;;;;;;;;;;;;;;;;;;;;;;;;;;;;
26/03/2020;14,39;;;;;;;;;;;;;;;;;;;;;;;;;;;;;
27/03/2020;13,3;;;;;;;;;;;;;;;;;;;;;;;;;;;;;
30/03/2020;13,38;;;;;;;;;;;;;;;;;;;;;;;;;;;;;
31/03/2020;13,99;;;;;;;;;;;;;;;;;;;;;;;;;;;;;
01/04/2020;14,3;;;;;;;;;;;;;;;;;;;;;;;;;;;;;
02/04/2020;15,51;;;;;;;;;;;;;;;;;;;;;;;;;;;;;
03/04/2020;15,34;;;;;;;;;;;;;;;;;;;;;;;;;;;;;
06/04/2020;15,77;;;;;;;;;;;;;;;;;;;;;;;;;;;;;
07/04/2020;16,4;;;;;;;;;;;;;;;;;;;;;;;;;;;;;
08/04/2020;17,32;;;;;;;;;;;;;;;;;;;;;;;;;;;;;
09/04/2020;16,82;;;;;;;;;;;;;;;;;;;;;;;;;;;;;
13/04/2020;16,93;;;;;;;;;;;;;;;;;;;;;;;;;;;;;
14/04/2020;16,73;;;;;;;;;;;;;;;;;;;;;;;;;;;;;
15/04/2020;16,379999;;;;;;;;;;;;;;;;;;;;;;;;;;;;;
16/04/2020;15,72;;;;;;;;;;;;;;;;;;;;;;;;;;;;;
17/04/2020;16,129999;;;;;;;;;;;;;;;;;;;;;;;;;;;;;
20/04/2020;15,95;;;;;;;;;;;;;;;;;;;;;;;;;;;;;
22/04/2020;16,75;;;;;;;;;;;;;;;;;;;;;;;;;;;;;
23/04/2020;16,950001;;;;;;;;;;;;;;;;;;;;;;;;;;;;;
24/04/2020;15,95;;;;;;;;;;;;;;;;;;;;;;;;;;;;;
27/04/2020;16,450001;;;;;;;;;;;;;;;;;;;;;;;;;;;;;
28/04/2020;17,25;;;;;;;;;;;;;;;;;;;;;;;;;;;;;
29/04/2020;18,200001;;;;;;;;;;;;;;;;;;;;;;;;;;;;;
30/04/2020;18,049999;;;;;;;;;;;;;;;;;;;;;;;;;;;;;
04/05/2020;17,379999;;;;;;;;;;;;;;;;;;;;;;;;;;;;;
05/05/2020;17,940001;;;;;;;;;;;;;;;;;;;;;;;;;;;;;
06/05/2020;17,280001;;;;;;;;;;;;;;;;;;;;;;;;;;;;;
07/05/2020;17,440001;;;;;;;;;;;;;;;;;;;;;;;;;;;;;
08/05/2020;18,48;;;;;;;;;;;;;;;;;;;;;;;;;;;;;
11/05/2020;18,15;;;;;;;;;;;;;;;;;;;;;;;;;;;;;
12/05/2020;18,139999;;;;;;;;;;;;;;;;;;;;;;;;;;;;;
13/05/2020;17,59;;;;;;;;;;;;;;;;;;;;;;;;;;;;;
14/05/2020;17,4;;;;;;;;;;;;;;;;;;;;;;;;;;;;;
15/05/2020;17,15;;;;;;;;;;;;;;;;;;;;;;;;;;;;;
18/05/2020;18,540001;;;;;;;;;;;;;;;;;;;;;;;;;;;;;
19/05/2020;18,68;;;;;;;;;;;;;;;;;;;;;;;;;;;;;
20/05/2020;19,299999;;;;;;;;;;;;;;;;;;;;;;;;;;;;;
21/05/2020;19,190001;;;;;;;;;;;;;;;;;;;;;;;;;;;;;
22/05/2020;18,67;;;;;;;;;;;;;;;;;;;;;;;;;;;;;
25/05/2020;19,48;;;;;;;;;;;;;;;;;;;;;;;;;;;;;
26/05/2020;19,67;;;;;;;;;;;;;;;;;;;;;;;;;;;;;
27/05/2020;19,93;;;;;;;;;;;;;;;;;;;;;;;;;;;;;
28/05/2020;19,77;;;;;;;;;;;;;;;;;;;;;;;;;;;;;
29/05/2020;20,34;;;;;;;;;;;;;;;;;;;;;;;;;;;;;
01/06/2020;20,33;;;;;;;;;;;;;;;;;;;;;;;;;;;;;
02/06/2020;21,4;;;;;;;;;;;;;;;;;;;;;;;;;;;;;
03/06/2020;21,469999;;;;;;;;;;;;;;;;;;;;;;;;;;;;;
04/06/2020;21,43;;;;;;;;;;;;;;;;;;;;;;;;;;;;;
05/06/2020;22,1;;;;;;;;;;;;;;;;;;;;;;;;;;;;;
08/06/2020;22,530001;;;;;;;;;;;;;;;;;;;;;;;;;;;;;
09/06/2020;21,719999;;;;;;;;;;;;;;;;;;;;;;;;;;;;;
10/06/2020;21,4;;;;;;;;;;;;;;;;;;;;;;;;;;;;;
12/06/2020;20,6;;;;;;;;;;;;;;;;;;;;;;;;;;;;;
15/06/2020;20,700001;;;;;;;;;;;;;;;;;;;;;;;;;;;;;
16/06/2020;21,370001;;;;;;;;;;;;;;;;;;;;;;;;;;;;;
17/06/2020;21,440001;;;;;;;;;;;;;;;;;;;;;;;;;;;;;
18/06/2020;21,6;;;;;;;;;;;;;;;;;;;;;;;;;;;;;
19/06/2020;21,469999;;;;;;;;;;;;;;;;;;;;;;;;;;;;;
22/06/2020;20,950001;;;;;;;;;;;;;;;;;;;;;;;;;;;;;
23/06/2020;21,65;;;;;;;;;;;;;;;;;;;;;;;;;;;;;
24/06/2020;21;;;;;;;;;;;;;;;;;;;;;;;;;;;;;
25/06/2020;21,469999;;;;;;;;;;;;;;;;;;;;;;;;;;;;;
26/06/2020;20,84;;;;;;;;;;;;;;;;;;;;;;;;;;;;;
29/06/2020;21,66;;;;;;;;;;;;;;;;;;;;;;;;;;;;;
30/06/2020;21,549999;;;;;;;;;;;;;;;;;;;;;;;;;;;;;
01/07/2020;21,709999;;;;;;;;;;;;;;;;;;;;;;;;;;;;;
02/07/2020;22,059999;;;;;;;;;;;;;;;;;;;;;;;;;;;;;
03/07/2020;21,98;;;;;;;;;;;;;;;;;;;;;;;;;;;;;
06/07/2020;22,51;;;;;;;;;;;;;;;;;;;;;;;;;;;;;
07/07/2020;22,23;;;;;;;;;;;;;;;;;;;;;;;;;;;;;
08/07/2020;22,65;;;;;;;;;;;;;;;;;;;;;;;;;;;;;
09/07/2020;22,139999;;;;;;;;;;;;;;;;;;;;;;;;;;;;;
10/07/2020;22,51;;;;;;;;;;;;;;;;;;;;;;;;;;;;;
13/07/2020;22,16;;;;;;;;;;;;;;;;;;;;;;;;;;;;;
14/07/2020;22,9;;;;;;;;;;;;;;;;;;;;;;;;;;;;;
15/07/2020;23,34;;;;;;;;;;;;;;;;;;;;;;;;;;;;;
16/07/2020;22,719999;;;;;;;;;;;;;;;;;;;;;;;;;;;;;
