time;target;;;;;;;;;;;;;;;;;;;;;;;;;;;;;;;;
jan/57;2317;;;;;;;;;;;;;;;;;;;;;;;;;;;;;;;;
fev/57;2144;;;;;;;;;;;;;;;;;;;;;;;;;;;;;;;;
mar/57;2660;;;;;;;;;;;;;;;;;;;;;;;;;;;;;;;;
abr/57;2449;;;;;;Produção Nacional de Veículos (PNVEI) - Jan_1957 a Jun_2020;;;;;;;;;;;;;;;;;;;;;;;;;;
mai/57;2788;;;;;;;;;;;;;;;;;;;;;;;;;;;;;;;;
jun/57;2740;;;;;;;;;;;;;;;;;;;;;;;;;;;;;;;;
jul/57;2846;;;;;;;;;;;;;;;;;;;;;;;;;;;;;;;;
ago/57;2740;;;;;;;;;;;;;;;;;;;;;;;;;;;;;;;;
set/57;2635;;;;;;;;;;;;;;;;;;;;;;;;;;;;;;;;
out/57;2646;;;;;;;;;;;;;;;;;;;;;;;;;;;;;;;;
nov/57;2264;;;;;;;;;;;;;;;;;;;;;;;;;;;;;;;;
dez/57;2313;;;;;;;;;;;;;;;;;;;;;;;;;;;;;;;;
jan/58;4633;;;;;;;;;;;;;;;;;;;;;;;;;;;;;;;;
fev/58;4333;;;;;;;;;;;;;;;;;;;;;;;;;;;;;;;;
mar/58;5308;;;;;;;;;;;;;;;;;;;;;;;;;;;;;;;;
abr/58;4920;;;;;;;;;;;;;;;;;;;;;;;;;;;;;;;;
mai/58;5563;;;;;;;;;;;;;;;;;;;;;;;;;;;;;;;;
jun/58;5453;;;;;;;;;;;;;;;;;;;;;;;;;;;;;;;;
jul/58;5566;;;;;;;;;;;;;;;;;;;;;;;;;;;;;;;;
ago/58;5561;;;;;;;;;;;;;;;;;;;;;;;;;;;;;;;;
set/58;5202;;;;;;;;;;;;;;;;;;;;;;;;;;;;;;;;
out/58;5264;;;;;;;;;;;;;;;;;;;;;;;;;;;;;;;;
nov/58;4584;;;;;;;;;;;;;;;;;;;;;;;;;;;;;;;;
dez/58;4596;;;;;;;;;;;;;;;;;;;;;;;;;;;;;;;;
jan/59;7188;;;;;;;;;;;;;;;;;;;;;;;;;;;;;;;;
fev/59;6742;;;;;;;;;;;;;;;;;;;;;;;;;;;;;;;;
mar/59;8307;;;;;;;;;;;;;;;;;;;;;;;;;;;;;;;;
abr/59;7764;;;;;;;;;;;;;;;;;;;;;;;;;;;;;;;;
mai/59;8754;;;;;;;;;;;;;;;;;;;;;;;;;;;;;;;;
jun/59;8578;;;;;;;;;;;;;;;;;;;;;;;;;;;;;;;;
jul/59;8815;;;;;;;;;;;;;;;;;;;;;;;;;;;;;;;;
ago/59;8818;;;;;;;;;;;;;;;;;;;;;;;;;;;;;;;;
set/59;8221;;;;;;;;;;;;;;;;;;;;;;;;;;;;;;;;
out/59;8305;;;;;;;;;;;;;;;;;;;;;;;;;;;;;;;;
nov/59;7249;;;;;;;;;;;;;;;;;;;;;;;;;;;;;;;;
dez/59;7373;;;;;;;;;;;;;;;;;;;;;;;;;;;;;;;;
jan/60;10258;;;;;;;;;;;;;;;;;;;;;;;;;;;;;;;;
fev/60;9545;;;;;;;;;;;;;;;;;;;;;;;;;;;;;;;;
mar/60;11759;;;;;;;;;;;;;;;;;;;;;;;;;;;;;;;;
abr/60;10896;;;;;;;;;;;;;;;;;;;;;;;;;;;;;;;;
mai/60;12214;;;;;;;;;;;;;;;;;;;;;;;;;;;;;;;;
jun/60;11930;;;;;;;;;;;;;;;;;;;;;;;;;;;;;;;;
jul/60;12204;;;;;;;;;;;;;;;;;;;;;;;;;;;;;;;;
ago/60;12054;;;;;;;;;;;;;;;;;;;;;;;;;;;;;;;;
set/60;11217;;;;;;;;;;;;;;;;;;;;;;;;;;;;;;;;
out/60;11296;;;;;;;;;;;;;;;;;;;;;;;;;;;;;;;;
nov/60;9761;;;;;;;;;;;;;;;;;;;;;;;;;;;;;;;;
dez/60;9907;;;;;;;;;;;;;;;;;;;;;;;;;;;;;;;;
jan/61;11358;;;;;;;;;;;;;;;;;;;;;;;;;;;;;;;;
fev/61;10640;;;;;;;;;;;;;;;;;;;;;;;;;;;;;;;;
mar/61;13148;;;;;;;;;;;;;;;;;;;;;;;;;;;;;;;;
abr/61;11948;;;;;;;;;;;;;;;;;;;;;;;;;;;;;;;;
mai/61;13472;;;;;;;;;;;;;;;;;;;;;;;;;;;;;;;;
jun/61;13030;;;;;;;;;;;;;;;;;;;;;;;;;;;;;;;;
jul/61;13330;;;;;;;;;;;;;;;;;;;;;;;;;;;;;;;;
ago/61;13274;;;;;;;;;;;;;;;;;;;;;;;;;;;;;;;;
set/61;12347;;;;;;;;;;;;;;;;;;;;;;;;;;;;;;;;
out/61;12084;;;;;;;;;;;;;;;;;;;;;;;;;;;;;;;;
nov/61;10557;;;;;;;;;;;;;;;;;;;;;;;;;;;;;;;;
dez/61;10396;;;;;;;;;;;;;;;;;;;;;;;;;;;;;;;;
jan/62;15045;;;;;;;;;;;;;;;;;;;;;;;;;;;;;;;;
fev/62;13615;;;;;;;;;;;;;;;;;;;;;;;;;;;;;;;;
mar/62;17103;;;;;;;;;;;;;;;;;;;;;;;;;;;;;;;;
abr/62;15502;;;;;;;;;;;;;;;;;;;;;;;;;;;;;;;;
mai/62;17647;;;;;;;;;;;;;;;;;;;;;;;;;;;;;;;;
jun/62;17409;;;;;;;;;;;;;;;;;;;;;;;;;;;;;;;;
jul/62;17519;;;;;;;;;;;;;;;;;;;;;;;;;;;;;;;;
ago/62;17843;;;;;;;;;;;;;;;;;;;;;;;;;;;;;;;;
set/62;16047;;;;;;;;;;;;;;;;;;;;;;;;;;;;;;;;
out/62;16124;;;;;;;;;;;;;;;;;;;;;;;;;;;;;;;;
nov/62;13674;;;;;;;;;;;;;;;;;;;;;;;;;;;;;;;;
dez/62;13666;;;;;;;;;;;;;;;;;;;;;;;;;;;;;;;;
jan/63;13148;;;;;;;;;;;;;;;;;;;;;;;;;;;;;;;;
fev/63;12553;;;;;;;;;;;;;;;;;;;;;;;;;;;;;;;;
mar/63;15600;;;;;;;;;;;;;;;;;;;;;;;;;;;;;;;;
abr/63;14291;;;;;;;;;;;;;;;;;;;;;;;;;;;;;;;;
mai/63;16104;;;;;;;;;;;;;;;;;;;;;;;;;;;;;;;;
jun/63;15563;;;;;;;;;;;;;;;;;;;;;;;;;;;;;;;;
jul/63;16075;;;;;;;;;;;;;;;;;;;;;;;;;;;;;;;;
ago/63;16037;;;;;;;;;;;;;;;;;;;;;;;;;;;;;;;;
set/63;14464;;;;;;;;;;;;;;;;;;;;;;;;;;;;;;;;
out/63;15000;;;;;;;;;;;;;;;;;;;;;;;;;;;;;;;;
nov/63;12830;;;;;;;;;;;;;;;;;;;;;;;;;;;;;;;;
dez/63;12526;;;;;;;;;;;;;;;;;;;;;;;;;;;;;;;;
jan/64;13941;;;;;;;;;;;;;;;;;;;;;;;;;;;;;;;;
fev/64;13641;;;;;;;;;;;;;;;;;;;;;;;;;;;;;;;;
mar/64;16779;;;;;;;;;;;;;;;;;;;;;;;;;;;;;;;;
abr/64;15439;;;;;;;;;;;;;;;;;;;;;;;;;;;;;;;;
mai/64;17209;;;;;;;;;;;;;;;;;;;;;;;;;;;;;;;;
jun/64;16431;;;;;;;;;;;;;;;;;;;;;;;;;;;;;;;;
jul/64;17187;;;;;;;;;;;;;;;;;;;;;;;;;;;;;;;;
ago/64;16510;;;;;;;;;;;;;;;;;;;;;;;;;;;;;;;;
set/64;15409;;;;;;;;;;;;;;;;;;;;;;;;;;;;;;;;
out/64;15056;;;;;;;;;;;;;;;;;;;;;;;;;;;;;;;;
nov/64;13080;;;;;;;;;;;;;;;;;;;;;;;;;;;;;;;;
dez/64;13025;;;;;;;;;;;;;;;;;;;;;;;;;;;;;;;;
jan/65;14007;;;;;;;;;;;;;;;;;;;;;;;;;;;;;;;;
fev/65;13791;;;;;;;;;;;;;;;;;;;;;;;;;;;;;;;;
mar/65;16702;;;;;;;;;;;;;;;;;;;;;;;;;;;;;;;;
abr/65;15722;;;;;;;;;;;;;;;;;;;;;;;;;;;;;;;;
mai/65;16995;;;;;;;;;;;;;;;;;;;;;;;;;;;;;;;;
jun/65;16601;;;;;;;;;;;;;;;;;;;;;;;;;;;;;;;;
jul/65;17059;;;;;;;;;;;;;;;;;;;;;;;;;;;;;;;;
ago/65;16229;;;;;;;;;;;;;;;;;;;;;;;;;;;;;;;;
set/65;15588;;;;;;;;;;;;;;;;;;;;;;;;;;;;;;;;
out/65;15527;;;;;;;;;;;;;;;;;;;;;;;;;;;;;;;;
nov/65;13770;;;;;;;;;;;;;;;;;;;;;;;;;;;;;;;;
dez/65;13196;;;;;;;;;;;;;;;;;;;;;;;;;;;;;;;;
jan/66;19054;;;;;;;;;;;;;;;;;;;;;;;;;;;;;;;;
fev/66;16627;;;;;;;;;;;;;;;;;;;;;;;;;;;;;;;;
mar/66;21018;;;;;;;;;;;;;;;;;;;;;;;;;;;;;;;;
abr/66;17963;;;;;;;;;;;;;;;;;;;;;;;;;;;;;;;;
mai/66;20989;;;;;;;;;;;;;;;;;;;;;;;;;;;;;;;;
jun/66;19841;;;;;;;;;;;;;;;;;;;;;;;;;;;;;;;;
jul/66;19971;;;;;;;;;;;;;;;;;;;;;;;;;;;;;;;;
ago/66;20783;;;;;;;;;;;;;;;;;;;;;;;;;;;;;;;;
set/66;19630;;;;;;;;;;;;;;;;;;;;;;;;;;;;;;;;
out/66;17693;;;;;;;;;;;;;;;;;;;;;;;;;;;;;;;;
nov/66;15736;;;;;;;;;;;;;;;;;;;;;;;;;;;;;;;;
dez/66;15304;;;;;;;;;;;;;;;;;;;;;;;;;;;;;;;;
jan/67;14222;;;;;;;;;;;;;;;;;;;;;;;;;;;;;;;;
fev/67;14601;;;;;;;;;;;;;;;;;;;;;;;;;;;;;;;;
mar/67;19034;;;;;;;;;;;;;;;;;;;;;;;;;;;;;;;;
abr/67;17009;;;;;;;;;;;;;;;;;;;;;;;;;;;;;;;;
mai/67;19832;;;;;;;;;;;;;;;;;;;;;;;;;;;;;;;;
jun/67;21250;;;;;;;;;;;;;;;;;;;;;;;;;;;;;;;;
jul/67;20881;;;;;;;;;;;;;;;;;;;;;;;;;;;;;;;;
ago/67;23275;;;;;;;;;;;;;;;;;;;;;;;;;;;;;;;;
set/67;19287;;;;;;;;;;;;;;;;;;;;;;;;;;;;;;;;
out/67;21735;;;;;;;;;;;;;;;;;;;;;;;;;;;;;;;;
nov/67;18486;;;;;;;;;;;;;;;;;;;;;;;;;;;;;;;;
dez/67;15875;;;;;;;;;;;;;;;;;;;;;;;;;;;;;;;;
jan/68;13647;;;;;;;;;;;;;;;;;;;;;;;;;;;;;;;;
fev/68;18986;;;;;;;;;;;;;;;;;;;;;;;;;;;;;;;;
mar/68;22557;;;;;;;;;;;;;;;;;;;;;;;;;;;;;;;;
abr/68;22854;;;;;;;;;;;;;;;;;;;;;;;;;;;;;;;;
mai/68;24722;;;;;;;;;;;;;;;;;;;;;;;;;;;;;;;;
jun/68;22218;;;;;;;;;;;;;;;;;;;;;;;;;;;;;;;;
jul/68;26643;;;;;;;;;;;;;;;;;;;;;;;;;;;;;;;;
ago/68;24973;;;;;;;;;;;;;;;;;;;;;;;;;;;;;;;;
set/68;24729;;;;;;;;;;;;;;;;;;;;;;;;;;;;;;;;
out/68;28928;;;;;;;;;;;;;;;;;;;;;;;;;;;;;;;;
nov/68;25923;;;;;;;;;;;;;;;;;;;;;;;;;;;;;;;;
dez/68;23535;;;;;;;;;;;;;;;;;;;;;;;;;;;;;;;;
jan/69;22599;;;;;;;;;;;;;;;;;;;;;;;;;;;;;;;;
fev/69;26519;;;;;;;;;;;;;;;;;;;;;;;;;;;;;;;;
mar/69;31635;;;;;;;;;;;;;;;;;;;;;;;;;;;;;;;;
abr/69;30742;;;;;;;;;;;;;;;;;;;;;;;;;;;;;;;;
mai/69;33115;;;;;;;;;;;;;;;;;;;;;;;;;;;;;;;;
jun/69;31539;;;;;;;;;;;;;;;;;;;;;;;;;;;;;;;;
jul/69;35174;;;;;;;;;;;;;;;;;;;;;;;;;;;;;;;;
ago/69;30292;;;;;;;;;;;;;;;;;;;;;;;;;;;;;;;;
set/69;33316;;;;;;;;;;;;;;;;;;;;;;;;;;;;;;;;
out/69;26461;;;;;;;;;;;;;;;;;;;;;;;;;;;;;;;;
nov/69;25069;;;;;;;;;;;;;;;;;;;;;;;;;;;;;;;;
dez/69;27239;;;;;;;;;;;;;;;;;;;;;;;;;;;;;;;;
jan/70;28789;;;;;;;;;;;;;;;;;;;;;;;;;;;;;;;;
fev/70;29623;;;;;;;;;;;;;;;;;;;;;;;;;;;;;;;;
mar/70;33665;;;;;;;;;;;;;;;;;;;;;;;;;;;;;;;;
abr/70;35810;;;;;;;;;;;;;;;;;;;;;;;;;;;;;;;;
mai/70;33531;;;;;;;;;;;;;;;;;;;;;;;;;;;;;;;;
jun/70;36615;;;;;;;;;;;;;;;;;;;;;;;;;;;;;;;;
jul/70;37220;;;;;;;;;;;;;;;;;;;;;;;;;;;;;;;;
ago/70;32557;;;;;;;;;;;;;;;;;;;;;;;;;;;;;;;;
set/70;36459;;;;;;;;;;;;;;;;;;;;;;;;;;;;;;;;
out/70;39353;;;;;;;;;;;;;;;;;;;;;;;;;;;;;;;;
nov/70;39133;;;;;;;;;;;;;;;;;;;;;;;;;;;;;;;;
dez/70;33334;;;;;;;;;;;;;;;;;;;;;;;;;;;;;;;;
jan/71;28115;;;;;;;;;;;;;;;;;;;;;;;;;;;;;;;;
fev/71;33972;;;;;;;;;;;;;;;;;;;;;;;;;;;;;;;;
mar/71;43812;;;;;;;;;;;;;;;;;;;;;;;;;;;;;;;;
abr/71;43658;;;;;;;;;;;;;;;;;;;;;;;;;;;;;;;;
mai/71;45828;;;;;;;;;;;;;;;;;;;;;;;;;;;;;;;;
jun/71;46706;;;;;;;;;;;;;;;;;;;;;;;;;;;;;;;;
jul/71;48393;;;;;;;;;;;;;;;;;;;;;;;;;;;;;;;;
ago/71;46518;;;;;;;;;;;;;;;;;;;;;;;;;;;;;;;;
set/71;41009;;;;;;;;;;;;;;;;;;;;;;;;;;;;;;;;
out/71;48993;;;;;;;;;;;;;;;;;;;;;;;;;;;;;;;;
nov/71;46108;;;;;;;;;;;;;;;;;;;;;;;;;;;;;;;;
dez/71;42976;;;;;;;;;;;;;;;;;;;;;;;;;;;;;;;;
jan/72;35352;;;;;;;;;;;;;;;;;;;;;;;;;;;;;;;;
fev/72;47435;;;;;;;;;;;;;;;;;;;;;;;;;;;;;;;;
mar/72;55841;;;;;;;;;;;;;;;;;;;;;;;;;;;;;;;;
abr/72;50039;;;;;;;;;;;;;;;;;;;;;;;;;;;;;;;;
mai/72;56416;;;;;;;;;;;;;;;;;;;;;;;;;;;;;;;;
jun/72;51743;;;;;;;;;;;;;;;;;;;;;;;;;;;;;;;;
jul/72;49327;;;;;;;;;;;;;;;;;;;;;;;;;;;;;;;;
ago/72;57691;;;;;;;;;;;;;;;;;;;;;;;;;;;;;;;;
set/72;44886;;;;;;;;;;;;;;;;;;;;;;;;;;;;;;;;
out/72;57031;;;;;;;;;;;;;;;;;;;;;;;;;;;;;;;;
nov/72;52904;;;;;;;;;;;;;;;;;;;;;;;;;;;;;;;;
dez/72;50946;;;;;;;;;;;;;;;;;;;;;;;;;;;;;;;;
jan/73;43016;;;;;;;;;;;;;;;;;;;;;;;;;;;;;;;;
fev/73;56682;;;;;;;;;;;;;;;;;;;;;;;;;;;;;;;;
mar/73;56995;;;;;;;;;;;;;;;;;;;;;;;;;;;;;;;;
abr/73;55773;;;;;;;;;;;;;;;;;;;;;;;;;;;;;;;;
mai/73;65561;;;;;;;;;;;;;;;;;;;;;;;;;;;;;;;;
jun/73;57668;;;;;;;;;;;;;;;;;;;;;;;;;;;;;;;;
jul/73;61121;;;;;;;;;;;;;;;;;;;;;;;;;;;;;;;;
ago/73;67009;;;;;;;;;;;;;;;;;;;;;;;;;;;;;;;;
set/73;59229;;;;;;;;;;;;;;;;;;;;;;;;;;;;;;;;
out/73;74622;;;;;;;;;;;;;;;;;;;;;;;;;;;;;;;;
nov/73;72404;;;;;;;;;;;;;;;;;;;;;;;;;;;;;;;;
dez/73;59702;;;;;;;;;;;;;;;;;;;;;;;;;;;;;;;;
jan/74;58498;;;;;;;;;;;;;;;;;;;;;;;;;;;;;;;;
fev/74;67432;;;;;;;;;;;;;;;;;;;;;;;;;;;;;;;;
mar/74;79064;;;;;;;;;;;;;;;;;;;;;;;;;;;;;;;;
abr/74;72767;;;;;;;;;;;;;;;;;;;;;;;;;;;;;;;;
mai/74;75630;;;;;;;;;;;;;;;;;;;;;;;;;;;;;;;;
jun/74;59524;;;;;;;;;;;;;;;;;;;;;;;;;;;;;;;;
jul/74;79545;;;;;;;;;;;;;;;;;;;;;;;;;;;;;;;;
ago/74;76726;;;;;;;;;;;;;;;;;;;;;;;;;;;;;;;;
set/74;72909;;;;;;;;;;;;;;;;;;;;;;;;;;;;;;;;
out/74;83622;;;;;;;;;;;;;;;;;;;;;;;;;;;;;;;;
nov/74;62674;;;;;;;;;;;;;;;;;;;;;;;;;;;;;;;;
dez/74;70846;;;;;;;;;;;;;;;;;;;;;;;;;;;;;;;;
jan/75;69047;;;;;;;;;;;;;;;;;;;;;;;;;;;;;;;;
fev/75;67179;;;;;;;;;;;;;;;;;;;;;;;;;;;;;;;;
mar/75;77012;;;;;;;;;;;;;;;;;;;;;;;;;;;;;;;;
abr/75;78001;;;;;;;;;;;;;;;;;;;;;;;;;;;;;;;;
mai/75;75558;;;;;;;;;;;;;;;;;;;;;;;;;;;;;;;;
jun/75;77368;;;;;;;;;;;;;;;;;;;;;;;;;;;;;;;;
jul/75;77157;;;;;;;;;;;;;;;;;;;;;;;;;;;;;;;;
ago/75;71298;;;;;;;;;;;;;;;;;;;;;;;;;;;;;;;;
set/75;76169;;;;;;;;;;;;;;;;;;;;;;;;;;;;;;;;
out/75;82450;;;;;;;;;;;;;;;;;;;;;;;;;;;;;;;;
nov/75;67639;;;;;;;;;;;;;;;;;;;;;;;;;;;;;;;;
dez/75;64069;;;;;;;;;;;;;;;;;;;;;;;;;;;;;;;;
jan/76;68928;;;;;;;;;;;;;;;;;;;;;;;;;;;;;;;;
fev/76;75048;;;;;;;;;;;;;;;;;;;;;;;;;;;;;;;;
mar/76;78561;;;;;;;;;;;;;;;;;;;;;;;;;;;;;;;;
abr/76;73803;;;;;;;;;;;;;;;;;;;;;;;;;;;;;;;;
mai/76;77928;;;;;;;;;;;;;;;;;;;;;;;;;;;;;;;;
jun/76;78415;;;;;;;;;;;;;;;;;;;;;;;;;;;;;;;;
jul/76;78290;;;;;;;;;;;;;;;;;;;;;;;;;;;;;;;;
ago/76;79029;;;;;;;;;;;;;;;;;;;;;;;;;;;;;;;;
set/76;78514;;;;;;;;;;;;;;;;;;;;;;;;;;;;;;;;
out/76;80275;;;;;;;;;;;;;;;;;;;;;;;;;;;;;;;;
nov/76;83454;;;;;;;;;;;;;;;;;;;;;;;;;;;;;;;;
dez/76;72427;;;;;;;;;;;;;;;;;;;;;;;;;;;;;;;;
jan/77;62075;;;;;;;;;;;;;;;;;;;;;;;;;;;;;;;;
fev/77;76719;;;;;;;;;;;;;;;;;;;;;;;;;;;;;;;;
mar/77;77973;;;;;;;;;;;;;;;;;;;;;;;;;;;;;;;;
abr/77;62673;;;;;;;;;;;;;;;;;;;;;;;;;;;;;;;;
mai/77;78926;;;;;;;;;;;;;;;;;;;;;;;;;;;;;;;;
jun/77;74097;;;;;;;;;;;;;;;;;;;;;;;;;;;;;;;;
jul/77;71890;;;;;;;;;;;;;;;;;;;;;;;;;;;;;;;;
ago/77;78558;;;;;;;;;;;;;;;;;;;;;;;;;;;;;;;;
set/77;66075;;;;;;;;;;;;;;;;;;;;;;;;;;;;;;;;
out/77;72226;;;;;;;;;;;;;;;;;;;;;;;;;;;;;;;;
nov/77;82977;;;;;;;;;;;;;;;;;;;;;;;;;;;;;;;;
dez/77;78777;;;;;;;;;;;;;;;;;;;;;;;;;;;;;;;;
jan/78;70431;;;;;;;;;;;;;;;;;;;;;;;;;;;;;;;;
fev/78;75588;;;;;;;;;;;;;;;;;;;;;;;;;;;;;;;;
mar/78;87958;;;;;;;;;;;;;;;;;;;;;;;;;;;;;;;;
abr/78;78041;;;;;;;;;;;;;;;;;;;;;;;;;;;;;;;;
mai/78;84198;;;;;;;;;;;;;;;;;;;;;;;;;;;;;;;;
jun/78;93207;;;;;;;;;;;;;;;;;;;;;;;;;;;;;;;;
jul/78;86665;;;;;;;;;;;;;;;;;;;;;;;;;;;;;;;;
ago/78;94805;;;;;;;;;;;;;;;;;;;;;;;;;;;;;;;;
set/78;71924;;;;;;;;;;;;;;;;;;;;;;;;;;;;;;;;
out/78;92218;;;;;;;;;;;;;;;;;;;;;;;;;;;;;;;;
nov/78;90729;;;;;;;;;;;;;;;;;;;;;;;;;;;;;;;;
dez/78;85952;;;;;;;;;;;;;;;;;;;;;;;;;;;;;;;;
jan/79;92807;;;;;;;;;;;;;;;;;;;;;;;;;;;;;;;;
fev/79;78361;;;;;;;;;;;;;;;;;;;;;;;;;;;;;;;;
mar/79;64221;;;;;;;;;;;;;;;;;;;;;;;;;;;;;;;;
abr/79;87805;;;;;;;;;;;;;;;;;;;;;;;;;;;;;;;;
mai/79;99594;;;;;;;;;;;;;;;;;;;;;;;;;;;;;;;;
jun/79;94767;;;;;;;;;;;;;;;;;;;;;;;;;;;;;;;;
jul/79;77009;;;;;;;;;;;;;;;;;;;;;;;;;;;;;;;;
ago/79;100813;;;;;;;;;;;;;;;;;;;;;;;;;;;;;;;;
set/79;73504;;;;;;;;;;;;;;;;;;;;;;;;;;;;;;;;
out/79;103497;;;;;;;;;;;;;;;;;;;;;;;;;;;;;;;;
nov/79;105508;;;;;;;;;;;;;;;;;;;;;;;;;;;;;;;;
dez/79;93214;;;;;;;;;;;;;;;;;;;;;;;;;;;;;;;;
jan/80;95891;;;;;;;;;;;;;;;;;;;;;;;;;;;;;;;;
fev/80;85853;;;;;;;;;;;;;;;;;;;;;;;;;;;;;;;;
mar/80;92818;;;;;;;;;;;;;;;;;;;;;;;;;;;;;;;;
abr/80;34745;;;;;;;;;;;;;;;;;;;;;;;;;;;;;;;;
mai/80;86809;;;;;;;;;;;;;;;;;;;;;;;;;;;;;;;;
jun/80;94046;;;;;;;;;;;;;;;;;;;;;;;;;;;;;;;;
jul/80;90173;;;;;;;;;;;;;;;;;;;;;;;;;;;;;;;;
ago/80;94354;;;;;;;;;;;;;;;;;;;;;;;;;;;;;;;;
set/80;109122;;;;;;;;;;;;;;;;;;;;;;;;;;;;;;;;
out/80;113524;;;;;;;;;;;;;;;;;;;;;;;;;;;;;;;;
nov/80;103721;;;;;;;;;;;;;;;;;;;;;;;;;;;;;;;;
dez/80;90149;;;;;;;;;;;;;;;;;;;;;;;;;;;;;;;;
jan/81;73912;;;;;;;;;;;;;;;;;;;;;;;;;;;;;;;;
fev/81;74442;;;;;;;;;;;;;;;;;;;;;;;;;;;;;;;;
mar/81;60891;;;;;;;;;;;;;;;;;;;;;;;;;;;;;;;;
abr/81;48078;;;;;;;;;;;;;;;;;;;;;;;;;;;;;;;;
mai/81;62001;;;;;;;;;;;;;;;;;;;;;;;;;;;;;;;;
jun/81;58377;;;;;;;;;;;;;;;;;;;;;;;;;;;;;;;;
jul/81;48433;;;;;;;;;;;;;;;;;;;;;;;;;;;;;;;;
ago/81;49965;;;;;;;;;;;;;;;;;;;;;;;;;;;;;;;;
set/81;51835;;;;;;;;;;;;;;;;;;;;;;;;;;;;;;;;
out/81;59955;;;;;;;;;;;;;;;;;;;;;;;;;;;;;;;;
nov/81;56165;;;;;;;;;;;;;;;;;;;;;;;;;;;;;;;;
dez/81;49362;;;;;;;;;;;;;;;;;;;;;;;;;;;;;;;;
jan/82;54233;;;;;;;;;;;;;;;;;;;;;;;;;;;;;;;;
fev/82;53462;;;;;;;;;;;;;;;;;;;;;;;;;;;;;;;;
mar/82;68313;;;;;;;;;;;;;;;;;;;;;;;;;;;;;;;;
abr/82;64208;;;;;;;;;;;;;;;;;;;;;;;;;;;;;;;;
mai/82;60320;;;;;;;;;;;;;;;;;;;;;;;;;;;;;;;;
jun/82;66774;;;;;;;;;;;;;;;;;;;;;;;;;;;;;;;;
jul/82;64169;;;;;;;;;;;;;;;;;;;;;;;;;;;;;;;;
ago/82;70048;;;;;;;;;;;;;;;;;;;;;;;;;;;;;;;;
set/82;66974;;;;;;;;;;;;;;;;;;;;;;;;;;;;;;;;
out/82;78031;;;;;;;;;;;;;;;;;;;;;;;;;;;;;;;;
nov/82;78247;;;;;;;;;;;;;;;;;;;;;;;;;;;;;;;;
dez/82;71680;;;;;;;;;;;;;;;;;;;;;;;;;;;;;;;;
jan/83;68584;;;;;;;;;;;;;;;;;;;;;;;;;;;;;;;;
fev/83;61757;;;;;;;;;;;;;;;;;;;;;;;;;;;;;;;;
mar/83;79950;;;;;;;;;;;;;;;;;;;;;;;;;;;;;;;;
abr/83;69893;;;;;;;;;;;;;;;;;;;;;;;;;;;;;;;;
mai/83;84430;;;;;;;;;;;;;;;;;;;;;;;;;;;;;;;;
jun/83;72492;;;;;;;;;;;;;;;;;;;;;;;;;;;;;;;;
jul/83;53832;;;;;;;;;;;;;;;;;;;;;;;;;;;;;;;;
ago/83;72434;;;;;;;;;;;;;;;;;;;;;;;;;;;;;;;;
set/83;69215;;;;;;;;;;;;;;;;;;;;;;;;;;;;;;;;
out/83;63619;;;;;;;;;;;;;;;;;;;;;;;;;;;;;;;;
nov/83;66435;;;;;;;;;;;;;;;;;;;;;;;;;;;;;;;;
dez/83;67428;;;;;;;;;;;;;;;;;;;;;;;;;;;;;;;;
jan/84;58333;;;;;;;;;;;;;;;;;;;;;;;;;;;;;;;;
fev/84;67809;;;;;;;;;;;;;;;;;;;;;;;;;;;;;;;;
mar/84;64201;;;;;;;;;;;;;;;;;;;;;;;;;;;;;;;;
abr/84;50995;;;;;;;;;;;;;;;;;;;;;;;;;;;;;;;;
mai/84;72732;;;;;;;;;;;;;;;;;;;;;;;;;;;;;;;;
jun/84;63657;;;;;;;;;;;;;;;;;;;;;;;;;;;;;;;;
jul/84;63500;;;;;;;;;;;;;;;;;;;;;;;;;;;;;;;;
ago/84;75684;;;;;;;;;;;;;;;;;;;;;;;;;;;;;;;;
set/84;57266;;;;;;;;;;;;;;;;;;;;;;;;;;;;;;;;
out/84;69102;;;;;;;;;;;;;;;;;;;;;;;;;;;;;;;;
nov/84;77021;;;;;;;;;;;;;;;;;;;;;;;;;;;;;;;;
dez/84;54408;;;;;;;;;;;;;;;;;;;;;;;;;;;;;;;;
jan/85;72183;;;;;;;;;;;;;;;;;;;;;;;;;;;;;;;;
fev/85;65399;;;;;;;;;;;;;;;;;;;;;;;;;;;;;;;;
mar/85;77484;;;;;;;;;;;;;;;;;;;;;;;;;;;;;;;;
abr/85;32832;;;;;;;;;;;;;;;;;;;;;;;;;;;;;;;;
mai/85;42645;;;;;;;;;;;;;;;;;;;;;;;;;;;;;;;;
jun/85;62979;;;;;;;;;;;;;;;;;;;;;;;;;;;;;;;;
jul/85;90383;;;;;;;;;;;;;;;;;;;;;;;;;;;;;;;;
ago/85;85270;;;;;;;;;;;;;;;;;;;;;;;;;;;;;;;;
set/85;88741;;;;;;;;;;;;;;;;;;;;;;;;;;;;;;;;
out/85;103283;;;;;;;;;;;;;;;;;;;;;;;;;;;;;;;;
nov/85;91201;;;;;;;;;;;;;;;;;;;;;;;;;;;;;;;;
dez/85;67036;;;;;;;;;;;;;;;;;;;;;;;;;;;;;;;;
jan/86;75182;;;;;;;;;;;;;;;;;;;;;;;;;;;;;;;;
fev/86;79998;;;;;;;;;;;;;;;;;;;;;;;;;;;;;;;;
mar/86;89432;;;;;;;;;;;;;;;;;;;;;;;;;;;;;;;;
abr/86;93327;;;;;;;;;;;;;;;;;;;;;;;;;;;;;;;;
mai/86;94469;;;;;;;;;;;;;;;;;;;;;;;;;;;;;;;;
jun/86;85135;;;;;;;;;;;;;;;;;;;;;;;;;;;;;;;;
jul/86;80175;;;;;;;;;;;;;;;;;;;;;;;;;;;;;;;;
ago/86;75517;;;;;;;;;;;;;;;;;;;;;;;;;;;;;;;;
set/86;90599;;;;;;;;;;;;;;;;;;;;;;;;;;;;;;;;
out/86;84806;;;;;;;;;;;;;;;;;;;;;;;;;;;;;;;;
nov/86;60076;;;;;;;;;;;;;;;;;;;;;;;;;;;;;;;;
dez/86;56567;;;;;;;;;;;;;;;;;;;;;;;;;;;;;;;;
jan/87;66387;;;;;;;;;;;;;;;;;;;;;;;;;;;;;;;;
fev/87;59853;;;;;;;;;;;;;;;;;;;;;;;;;;;;;;;;
mar/87;59867;;;;;;;;;;;;;;;;;;;;;;;;;;;;;;;;
abr/87;74637;;;;;;;;;;;;;;;;;;;;;;;;;;;;;;;;
mai/87;75475;;;;;;;;;;;;;;;;;;;;;;;;;;;;;;;;
jun/87;76050;;;;;;;;;;;;;;;;;;;;;;;;;;;;;;;;
jul/87;70739;;;;;;;;;;;;;;;;;;;;;;;;;;;;;;;;
ago/87;67544;;;;;;;;;;;;;;;;;;;;;;;;;;;;;;;;
set/87;64709;;;;;;;;;;;;;;;;;;;;;;;;;;;;;;;;
out/87;66510;;;;;;;;;;;;;;;;;;;;;;;;;;;;;;;;
nov/87;72339;;;;;;;;;;;;;;;;;;;;;;;;;;;;;;;;
dez/87;69424;;;;;;;;;;;;;;;;;;;;;;;;;;;;;;;;
jan/88;66311;;;;;;;;;;;;;;;;;;;;;;;;;;;;;;;;
fev/88;75854;;;;;;;;;;;;;;;;;;;;;;;;;;;;;;;;
mar/88;86147;;;;;;;;;;;;;;;;;;;;;;;;;;;;;;;;
abr/88;74140;;;;;;;;;;;;;;;;;;;;;;;;;;;;;;;;
mai/88;77983;;;;;;;;;;;;;;;;;;;;;;;;;;;;;;;;
jun/88;87125;;;;;;;;;;;;;;;;;;;;;;;;;;;;;;;;
jul/88;78934;;;;;;;;;;;;;;;;;;;;;;;;;;;;;;;;
ago/88;95798;;;;;;;;;;;;;;;;;;;;;;;;;;;;;;;;
set/88;79488;;;;;;;;;;;;;;;;;;;;;;;;;;;;;;;;
out/88;82797;;;;;;;;;;;;;;;;;;;;;;;;;;;;;;;;
nov/88;83582;;;;;;;;;;;;;;;;;;;;;;;;;;;;;;;;
dez/88;78723;;;;;;;;;;;;;;;;;;;;;;;;;;;;;;;;
jan/89;82931;;;;;;;;;;;;;;;;;;;;;;;;;;;;;;;;
fev/89;73601;;;;;;;;;;;;;;;;;;;;;;;;;;;;;;;;
mar/89;71318;;;;;;;;;;;;;;;;;;;;;;;;;;;;;;;;
abr/89;64308;;;;;;;;;;;;;;;;;;;;;;;;;;;;;;;;
mai/89;65690;;;;;;;;;;;;;;;;;;;;;;;;;;;;;;;;
jun/89;95326;;;;;;;;;;;;;;;;;;;;;;;;;;;;;;;;
jul/89;87532;;;;;;;;;;;;;;;;;;;;;;;;;;;;;;;;
ago/89;99846;;;;;;;;;;;;;;;;;;;;;;;;;;;;;;;;
set/89;83589;;;;;;;;;;;;;;;;;;;;;;;;;;;;;;;;
out/89;77925;;;;;;;;;;;;;;;;;;;;;;;;;;;;;;;;
nov/89;67035;;;;;;;;;;;;;;;;;;;;;;;;;;;;;;;;
dez/89;86432;;;;;;;;;;;;;;;;;;;;;;;;;;;;;;;;
jan/90;81479;;;;;;;;;;;;;;;;;;;;;;;;;;;;;;;;
fev/90;68409;;;;;;;;;;;;;;;;;;;;;;;;;;;;;;;;
mar/90;61505;;;;;;;;;;;;;;;;;;;;;;;;;;;;;;;;
abr/90;29035;;;;;;;;;;;;;;;;;;;;;;;;;;;;;;;;
mai/90;78868;;;;;;;;;;;;;;;;;;;;;;;;;;;;;;;;
jun/90;44278;;;;;;;;;;;;;;;;;;;;;;;;;;;;;;;;
jul/90;51830;;;;;;;;;;;;;;;;;;;;;;;;;;;;;;;;
ago/90;97450;;;;;;;;;;;;;;;;;;;;;;;;;;;;;;;;
set/90;78913;;;;;;;;;;;;;;;;;;;;;;;;;;;;;;;;
out/90;87506;;;;;;;;;;;;;;;;;;;;;;;;;;;;;;;;
nov/90;89086;;;;;;;;;;;;;;;;;;;;;;;;;;;;;;;;
dez/90;75070;;;;;;;;;;;;;;;;;;;;;;;;;;;;;;;;
jan/91;66239;;;;;;;;;;;;;;;;;;;;;;;;;;;;;;;;
fev/91;50568;;;;;;;;;;;;;;;;;;;;;;;;;;;;;;;;
mar/91;60514;;;;;;;;;;;;;;;;;;;;;;;;;;;;;;;;
abr/91;40666;;;;;;;;;;;;;;;;;;;;;;;;;;;;;;;;
mai/91;66477;;;;;;;;;;;;;;;;;;;;;;;;;;;;;;;;
jun/91;78605;;;;;;;;;;;;;;;;;;;;;;;;;;;;;;;;
jul/91;91767;;;;;;;;;;;;;;;;;;;;;;;;;;;;;;;;
ago/91;86694;;;;;;;;;;;;;;;;;;;;;;;;;;;;;;;;
set/91;80575;;;;;;;;;;;;;;;;;;;;;;;;;;;;;;;;
out/91;90425;;;;;;;;;;;;;;;;;;;;;;;;;;;;;;;;
nov/91;81798;;;;;;;;;;;;;;;;;;;;;;;;;;;;;;;;
dez/91;66841;;;;;;;;;;;;;;;;;;;;;;;;;;;;;;;;
jan/92;63613;;;;;;;;;;;;;;;;;;;;;;;;;;;;;;;;
fev/92;74082;;;;;;;;;;;;;;;;;;;;;;;;;;;;;;;;
mar/92;53796;;;;;;;;;;;;;;;;;;;;;;;;;;;;;;;;
abr/92;59859;;;;;;;;;;;;;;;;;;;;;;;;;;;;;;;;
mai/92;73710;;;;;;;;;;;;;;;;;;;;;;;;;;;;;;;;
jun/92;82638;;;;;;;;;;;;;;;;;;;;;;;;;;;;;;;;
jul/92;87933;;;;;;;;;;;;;;;;;;;;;;;;;;;;;;;;
ago/92;83652;;;;;;;;;;;;;;;;;;;;;;;;;;;;;;;;
set/92;82328;;;;;;;;;;;;;;;;;;;;;;;;;;;;;;;;
out/92;90902;;;;;;;;;;;;;;;;;;;;;;;;;;;;;;;;
nov/92;87548;;;;;;;;;;;;;;;;;;;;;;;;;;;;;;;;
dez/92;64977;;;;;;;;;;;;;;;;;;;;;;;;;;;;;;;;
jan/93;66168;;;;;;;;;;;;;;;;;;;;;;;;;;;;;;;;
fev/93;73042;;;;;;;;;;;;;;;;;;;;;;;;;;;;;;;;
mar/93;98691;;;;;;;;;;;;;;;;;;;;;;;;;;;;;;;;
abr/93;88839;;;;;;;;;;;;;;;;;;;;;;;;;;;;;;;;
mai/93;101055;;;;;;;;;;;;;;;;;;;;;;;;;;;;;;;;
jun/93;102512;;;;;;;;;;;;;;;;;;;;;;;;;;;;;;;;
jul/93;104493;;;;;;;;;;;;;;;;;;;;;;;;;;;;;;;;
ago/93;115800;;;;;;;;;;;;;;;;;;;;;;;;;;;;;;;;
set/93;106990;;;;;;;;;;;;;;;;;;;;;;;;;;;;;;;;
out/93;109989;;;;;;;;;;;;;;;;;;;;;;;;;;;;;;;;
nov/93;111043;;;;;;;;;;;;;;;;;;;;;;;;;;;;;;;;
dez/93;94678;;;;;;;;;;;;;;;;;;;;;;;;;;;;;;;;
jan/94;93357;;;;;;;;;;;;;;;;;;;;;;;;;;;;;;;;
fev/94;95060;;;;;;;;;;;;;;;;;;;;;;;;;;;;;;;;
mar/94;122600;;;;;;;;;;;;;;;;;;;;;;;;;;;;;;;;
abr/94;94820;;;;;;;;;;;;;;;;;;;;;;;;;;;;;;;;
mai/94;119441;;;;;;;;;;;;;;;;;;;;;;;;;;;;;;;;
jun/94;109101;;;;;;;;;;;;;;;;;;;;;;;;;;;;;;;;
jul/94;114188;;;;;;;;;;;;;;;;;;;;;;;;;;;;;;;;
ago/94;127038;;;;;;;;;;;;;;;;;;;;;;;;;;;;;;;;
set/94;103372;;;;;;;;;;;;;;;;;;;;;;;;;;;;;;;;
out/94;108978;;;;;;;;;;;;;;;;;;;;;;;;;;;;;;;;
nov/94;124173;;;;;;;;;;;;;;;;;;;;;;;;;;;;;;;;
dez/94;109563;;;;;;;;;;;;;;;;;;;;;;;;;;;;;;;;
jan/95;78192;;;;;;;;;;;;;;;;;;;;;;;;;;;;;;;;
fev/95;110168;;;;;;;;;;;;;;;;;;;;;;;;;;;;;;;;
mar/95;131859;;;;;;;;;;;;;;;;;;;;;;;;;;;;;;;;
abr/95;117064;;;;;;;;;;;;;;;;;;;;;;;;;;;;;;;;
mai/95;136548;;;;;;;;;;;;;;;;;;;;;;;;;;;;;;;;
jun/95;153241;;;;;;;;;;;;;;;;;;;;;;;;;;;;;;;;
jul/95;106135;;;;;;;;;;;;;;;;;;;;;;;;;;;;;;;;
ago/95;140683;;;;;;;;;;;;;;;;;;;;;;;;;;;;;;;;
set/95;119247;;;;;;;;;;;;;;;;;;;;;;;;;;;;;;;;
out/95;134566;;;;;;;;;;;;;;;;;;;;;;;;;;;;;;;;
nov/95;129650;;;;;;;;;;;;;;;;;;;;;;;;;;;;;;;;
dez/95;102323;;;;;;;;;;;;;;;;;;;;;;;;;;;;;;;;
jan/96;100946;;;;;;;;;;;;;;;;;;;;;;;;;;;;;;;;
fev/96;121248;;;;;;;;;;;;;;;;;;;;;;;;;;;;;;;;
mar/96;136019;;;;;;;;;;;;;;;;;;;;;;;;;;;;;;;;
abr/96;130698;;;;;;;;;;;;;;;;;;;;;;;;;;;;;;;;
mai/96;142309;;;;;;;;;;;;;;;;;;;;;;;;;;;;;;;;
jun/96;121143;;;;;;;;;;;;;;;;;;;;;;;;;;;;;;;;
jul/96;153931;;;;;;;;;;;;;;;;;;;;;;;;;;;;;;;;
ago/96;161906;;;;;;;;;;;;;;;;;;;;;;;;;;;;;;;;
set/96;146060;;;;;;;;;;;;;;;;;;;;;;;;;;;;;;;;
out/96;148219;;;;;;;;;;;;;;;;;;;;;;;;;;;;;;;;
nov/96;141674;;;;;;;;;;;;;;;;;;;;;;;;;;;;;;;;
dez/96;118982;;;;;;;;;;;;;;;;;;;;;;;;;;;;;;;;
jan/97;124889;;;;;;;;;;;;;;;;;;;;;;;;;;;;;;;;
fev/97;136323;;;;;;;;;;;;;;;;;;;;;;;;;;;;;;;;
mar/97;153164;;;;;;;;;;;;;;;;;;;;;;;;;;;;;;;;
abr/97;172391;;;;;;;;;;;;;;;;;;;;;;;;;;;;;;;;
mai/97;162310;;;;;;;;;;;;;;;;;;;;;;;;;;;;;;;;
jun/97;170685;;;;;;;;;;;;;;;;;;;;;;;;;;;;;;;;
jul/97;160400;;;;;;;;;;;;;;;;;;;;;;;;;;;;;;;;
ago/97;173863;;;;;;;;;;;;;;;;;;;;;;;;;;;;;;;;
set/97;182952;;;;;;;;;;;;;;;;;;;;;;;;;;;;;;;;
out/97;192829;;;;;;;;;;;;;;;;;;;;;;;;;;;;;;;;
nov/97;130140;;;;;;;;;;;;;;;;;;;;;;;;;;;;;;;;
dez/97;101255;;;;;;;;;;;;;;;;;;;;;;;;;;;;;;;;
jan/98;110243;;;;;;;;;;;;;;;;;;;;;;;;;;;;;;;;
fev/98;105964;;;;;;;;;;;;;;;;;;;;;;;;;;;;;;;;
mar/98;141749;;;;;;;;;;;;;;;;;;;;;;;;;;;;;;;;
abr/98;137785;;;;;;;;;;;;;;;;;;;;;;;;;;;;;;;;
mai/98;160231;;;;;;;;;;;;;;;;;;;;;;;;;;;;;;;;
jun/98;146151;;;;;;;;;;;;;;;;;;;;;;;;;;;;;;;;
jul/98;126825;;;;;;;;;;;;;;;;;;;;;;;;;;;;;;;;
ago/98;134224;;;;;;;;;;;;;;;;;;;;;;;;;;;;;;;;
set/98;134540;;;;;;;;;;;;;;;;;;;;;;;;;;;;;;;;
out/98;92855;;;;;;;;;;;;;;;;;;;;;;;;;;;;;;;;
nov/98;79643;;;;;;;;;;;;;;;;;;;;;;;;;;;;;;;;
dez/98;59650;;;;;;;;;;;;;;;;;;;;;;;;;;;;;;;;
jan/99;81902;;;;;;;;;;;;;;;;;;;;;;;;;;;;;;;;
fev/99;78103;;;;;;;;;;;;;;;;;;;;;;;;;;;;;;;;
mar/99;114873;;;;;;;;;;;;;;;;;;;;;;;;;;;;;;;;
abr/99;109148;;;;;;;;;;;;;;;;;;;;;;;;;;;;;;;;
mai/99;114047;;;;;;;;;;;;;;;;;;;;;;;;;;;;;;;;
jun/99;116990;;;;;;;;;;;;;;;;;;;;;;;;;;;;;;;;
jul/99;115312;;;;;;;;;;;;;;;;;;;;;;;;;;;;;;;;
ago/99;129287;;;;;;;;;;;;;;;;;;;;;;;;;;;;;;;;
set/99;130444;;;;;;;;;;;;;;;;;;;;;;;;;;;;;;;;
out/99;109990;;;;;;;;;;;;;;;;;;;;;;;;;;;;;;;;
nov/99;108670;;;;;;;;;;;;;;;;;;;;;;;;;;;;;;;;
dez/99;81211;;;;;;;;;;;;;;;;;;;;;;;;;;;;;;;;
jan/00;92704;;;;;;;;;;;;;;;;;;;;;;;;;;;;;;;;
fev/00;126595;;;;;;;;;;;;;;;;;;;;;;;;;;;;;;;;
mar/00;130730;;;;;;;;;;;;;;;;;;;;;;;;;;;;;;;;
abr/00;129116;;;;;;;;;;;;;;;;;;;;;;;;;;;;;;;;
mai/00;144738;;;;;;;;;;;;;;;;;;;;;;;;;;;;;;;;
jun/00;145172;;;;;;;;;;;;;;;;;;;;;;;;;;;;;;;;
jul/00;141751;;;;;;;;;;;;;;;;;;;;;;;;;;;;;;;;
ago/00;161503;;;;;;;;;;;;;;;;;;;;;;;;;;;;;;;;
set/00;141474;;;;;;;;;;;;;;;;;;;;;;;;;;;;;;;;
out/00;140295;;;;;;;;;;;;;;;;;;;;;;;;;;;;;;;;
nov/00;128920;;;;;;;;;;;;;;;;;;;;;;;;;;;;;;;;
dez/00;122850;;;;;;;;;;;;;;;;;;;;;;;;;;;;;;;;
jan/01;116359;;;;;;;;;;;;;;;;;;;;;;;;;;;;;;;;
fev/01;135125;;;;;;;;;;;;;;;;;;;;;;;;;;;;;;;;
mar/01;172563;;;;;;;;;;;;;;;;;;;;;;;;;;;;;;;;
abr/01;159963;;;;;;;;;;;;;;;;;;;;;;;;;;;;;;;;
mai/01;181201;;;;;;;;;;;;;;;;;;;;;;;;;;;;;;;;
jun/01;153120;;;;;;;;;;;;;;;;;;;;;;;;;;;;;;;;
jul/01;142411;;;;;;;;;;;;;;;;;;;;;;;;;;;;;;;;
ago/01;139972;;;;;;;;;;;;;;;;;;;;;;;;;;;;;;;;
set/01;127346;;;;;;;;;;;;;;;;;;;;;;;;;;;;;;;;
out/01;117198;;;;;;;;;;;;;;;;;;;;;;;;;;;;;;;;
nov/01;124740;;;;;;;;;;;;;;;;;;;;;;;;;;;;;;;;
dez/01;104524;;;;;;;;;;;;;;;;;;;;;;;;;;;;;;;;
jan/02;116830;;;;;;;;;;;;;;;;;;;;;;;;;;;;;;;;
fev/02;116000;;;;;;;;;;;;;;;;;;;;;;;;;;;;;;;;
mar/02;143887;;;;;;;;;;;;;;;;;;;;;;;;;;;;;;;;
abr/02;152334;;;;;;;;;;;;;;;;;;;;;;;;;;;;;;;;
mai/02;144526;;;;;;;;;;;;;;;;;;;;;;;;;;;;;;;;
jun/02;130458;;;;;;;;;;;;;;;;;;;;;;;;;;;;;;;;
jul/02;133240;;;;;;;;;;;;;;;;;;;;;;;;;;;;;;;;
ago/02;127173;;;;;;;;;;;;;;;;;;;;;;;;;;;;;;;;
set/02;140896;;;;;;;;;;;;;;;;;;;;;;;;;;;;;;;;
out/02;157227;;;;;;;;;;;;;;;;;;;;;;;;;;;;;;;;
nov/02;148960;;;;;;;;;;;;;;;;;;;;;;;;;;;;;;;;
dez/02;122259;;;;;;;;;;;;;;;;;;;;;;;;;;;;;;;;
jan/03;132208;;;;;;;;;;;;;;;;;;;;;;;;;;;;;;;;
fev/03;141129;;;;;;;;;;;;;;;;;;;;;;;;;;;;;;;;
mar/03;127486;;;;;;;;;;;;;;;;;;;;;;;;;;;;;;;;
abr/03;130783;;;;;;;;;;;;;;;;;;;;;;;;;;;;;;;;
mai/03;141857;;;;;;;;;;;;;;;;;;;;;;;;;;;;;;;;
jun/03;124511;;;;;;;;;;;;;;;;;;;;;;;;;;;;;;;;
jul/03;130930;;;;;;;;;;;;;;;;;;;;;;;;;;;;;;;;
ago/03;130353;;;;;;;;;;;;;;;;;;;;;;;;;;;;;;;;
set/03;155901;;;;;;;;;;;;;;;;;;;;;;;;;;;;;;;;
out/03;161223;;;;;;;;;;;;;;;;;;;;;;;;;;;;;;;;
nov/03;161528;;;;;;;;;;;;;;;;;;;;;;;;;;;;;;;;
dez/03;146806;;;;;;;;;;;;;;;;;;;;;;;;;;;;;;;;
jan/04;150001;;;;;;;;;;;;;;;;;;;;;;;;;;;;;;;;
fev/04;148766;;;;;;;;;;;;;;;;;;;;;;;;;;;;;;;;
mar/04;185509;;;;;;;;;;;;;;;;;;;;;;;;;;;;;;;;
abr/04;163375;;;;;;;;;;;;;;;;;;;;;;;;;;;;;;;;
mai/04;172380;;;;;;;;;;;;;;;;;;;;;;;;;;;;;;;;
jun/04;179685;;;;;;;;;;;;;;;;;;;;;;;;;;;;;;;;
jul/04;179895;;;;;;;;;;;;;;;;;;;;;;;;;;;;;;;;
ago/04;192904;;;;;;;;;;;;;;;;;;;;;;;;;;;;;;;;
set/04;194735;;;;;;;;;;;;;;;;;;;;;;;;;;;;;;;;
out/04;182581;;;;;;;;;;;;;;;;;;;;;;;;;;;;;;;;
nov/04;193820;;;;;;;;;;;;;;;;;;;;;;;;;;;;;;;;
dez/04;180526;;;;;;;;;;;;;;;;;;;;;;;;;;;;;;;;
jan/05;155533;;;;;;;;;;;;;;;;;;;;;;;;;;;;;;;;
fev/05;176760;;;;;;;;;;;;;;;;;;;;;;;;;;;;;;;;
mar/05;211944;;;;;;;;;;;;;;;;;;;;;;;;;;;;;;;;
abr/05;197607;;;;;;;;;;;;;;;;;;;;;;;;;;;;;;;;
mai/05;207369;;;;;;;;;;;;;;;;;;;;;;;;;;;;;;;;
jun/05;213767;;;;;;;;;;;;;;;;;;;;;;;;;;;;;;;;
jul/05;199959;;;;;;;;;;;;;;;;;;;;;;;;;;;;;;;;
ago/05;210961;;;;;;;;;;;;;;;;;;;;;;;;;;;;;;;;
set/05;198855;;;;;;;;;;;;;;;;;;;;;;;;;;;;;;;;
out/05;182962;;;;;;;;;;;;;;;;;;;;;;;;;;;;;;;;
nov/05;206894;;;;;;;;;;;;;;;;;;;;;;;;;;;;;;;;
dez/05;194561;;;;;;;;;;;;;;;;;;;;;;;;;;;;;;;;
jan/06;183640;;;;;;;;;;;;;;;;;;;;;;;;;;;;;;;;
fev/06;190099;;;;;;;;;;;;;;;;;;;;;;;;;;;;;;;;
mar/06;212794;;;;;;;;;;;;;;;;;;;;;;;;;;;;;;;;
abr/06;184761;;;;;;;;;;;;;;;;;;;;;;;;;;;;;;;;
mai/06;219343;;;;;;;;;;;;;;;;;;;;;;;;;;;;;;;;
jun/06;205415;;;;;;;;;;;;;;;;;;;;;;;;;;;;;;;;
jul/06;202943;;;;;;;;;;;;;;;;;;;;;;;;;;;;;;;;
ago/06;221843;;;;;;;;;;;;;;;;;;;;;;;;;;;;;;;;
set/06;188600;;;;;;;;;;;;;;;;;;;;;;;;;;;;;;;;
out/06;207656;;;;;;;;;;;;;;;;;;;;;;;;;;;;;;;;
nov/06;208897;;;;;;;;;;;;;;;;;;;;;;;;;;;;;;;;
dez/06;177689;;;;;;;;;;;;;;;;;;;;;;;;;;;;;;;;
jan/07;190778;;;;;;;;;;;;;;;;;;;;;;;;;;;;;;;;
fev/07;190518;;;;;;;;;;;;;;;;;;;;;;;;;;;;;;;;
mar/07;234951;;;;;;;;;;;;;;;;;;;;;;;;;;;;;;;;
abr/07;212376;;;;;;;;;;;;;;;;;;;;;;;;;;;;;;;;
mai/07;241844;;;;;;;;;;;;;;;;;;;;;;;;;;;;;;;;
jun/07;232836;;;;;;;;;;;;;;;;;;;;;;;;;;;;;;;;
jul/07;253138;;;;;;;;;;;;;;;;;;;;;;;;;;;;;;;;
ago/07;263924;;;;;;;;;;;;;;;;;;;;;;;;;;;;;;;;
set/07;241700;;;;;;;;;;;;;;;;;;;;;;;;;;;;;;;;
out/07;283405;;;;;;;;;;;;;;;;;;;;;;;;;;;;;;;;
nov/07;262729;;;;;;;;;;;;;;;;;;;;;;;;;;;;;;;;
dez/07;217025;;;;;;;;;;;;;;;;;;;;;;;;;;;;;;;;
jan/08;242456;;;;;;;;;;;;;;;;;;;;;;;;;;;;;;;;
fev/08;239214;;;;;;;;;;;;;;;;;;;;;;;;;;;;;;;;
mar/08;268285;;;;;;;;;;;;;;;;;;;;;;;;;;;;;;;;
abr/08;283294;;;;;;;;;;;;;;;;;;;;;;;;;;;;;;;;
mai/08;274542;;;;;;;;;;;;;;;;;;;;;;;;;;;;;;;;
jun/08;292422;;;;;;;;;;;;;;;;;;;;;;;;;;;;;;;;
jul/08;305384;;;;;;;;;;;;;;;;;;;;;;;;;;;;;;;;
ago/08;299556;;;;;;;;;;;;;;;;;;;;;;;;;;;;;;;;
set/08;286610;;;;;;;;;;;;;;;;;;;;;;;;;;;;;;;;
out/08;280178;;;;;;;;;;;;;;;;;;;;;;;;;;;;;;;;
nov/08;187374;;;;;;;;;;;;;;;;;;;;;;;;;;;;;;;;
dez/08;91314;;;;;;;;;;;;;;;;;;;;;;;;;;;;;;;;
jan/09;180242;;;;;;;;;;;;;;;;;;;;;;;;;;;;;;;;
fev/09;196546;;;;;;;;;;;;;;;;;;;;;;;;;;;;;;;;
mar/09;266162;;;;;;;;;;;;;;;;;;;;;;;;;;;;;;;;
abr/09;244700;;;;;;;;;;;;;;;;;;;;;;;;;;;;;;;;
mai/09;262452;;;;;;;;;;;;;;;;;;;;;;;;;;;;;;;;
jun/09;276445;;;;;;;;;;;;;;;;;;;;;;;;;;;;;;;;
jul/09;271385;;;;;;;;;;;;;;;;;;;;;;;;;;;;;;;;
ago/09;284904;;;;;;;;;;;;;;;;;;;;;;;;;;;;;;;;
set/09;263767;;;;;;;;;;;;;;;;;;;;;;;;;;;;;;;;
out/09;306291;;;;;;;;;;;;;;;;;;;;;;;;;;;;;;;;
nov/09;282512;;;;;;;;;;;;;;;;;;;;;;;;;;;;;;;;
dez/09;240594;;;;;;;;;;;;;;;;;;;;;;;;;;;;;;;;
jan/10;233395;;;;;;;;;;;;;;;;;;;;;;;;;;;;;;;;
fev/10;236614;;;;;;;;;;;;;;;;;;;;;;;;;;;;;;;;
mar/10;318011;;;;;;;;;;;;;;;;;;;;;;;;;;;;;;;;
abr/10;274873;;;;;;;;;;;;;;;;;;;;;;;;;;;;;;;;
mai/10;297374;;;;;;;;;;;;;;;;;;;;;;;;;;;;;;;;
jun/10;283997;;;;;;;;;;;;;;;;;;;;;;;;;;;;;;;;
jul/10;290756;;;;;;;;;;;;;;;;;;;;;;;;;;;;;;;;
ago/10;308387;;;;;;;;;;;;;;;;;;;;;;;;;;;;;;;;
set/10;278441;;;;;;;;;;;;;;;;;;;;;;;;;;;;;;;;
out/10;293567;;;;;;;;;;;;;;;;;;;;;;;;;;;;;;;;
nov/10;301940;;;;;;;;;;;;;;;;;;;;;;;;;;;;;;;;
dez/10;264780;;;;;;;;;;;;;;;;;;;;;;;;;;;;;;;;
jan/11;239301;;;;;;;;;;;;;;;;;;;;;;;;;;;;;;;;
fev/11;295946;;;;;;;;;;;;;;;;;;;;;;;;;;;;;;;;
mar/11;296322;;;;;;;;;;;;;;;;;;;;;;;;;;;;;;;;
abr/11;283219;;;;;;;;;;;;;;;;;;;;;;;;;;;;;;;;
mai/11;305251;;;;;;;;;;;;;;;;;;;;;;;;;;;;;;;;
jun/11;296050;;;;;;;;;;;;;;;;;;;;;;;;;;;;;;;;
jul/11;308798;;;;;;;;;;;;;;;;;;;;;;;;;;;;;;;;
ago/11;326213;;;;;;;;;;;;;;;;;;;;;;;;;;;;;;;;
set/11;261130;;;;;;;;;;;;;;;;;;;;;;;;;;;;;;;;
out/11;270949;;;;;;;;;;;;;;;;;;;;;;;;;;;;;;;;
nov/11;273358;;;;;;;;;;;;;;;;;;;;;;;;;;;;;;;;
dez/11;261245;;;;;;;;;;;;;;;;;;;;;;;;;;;;;;;;
jan/12;210604;;;;;;;;;;;;;;;;;;;;;;;;;;;;;;;;
fev/12;219068;;;;;;;;;;;;;;;;;;;;;;;;;;;;;;;;
mar/12;313178;;;;;;;;;;;;;;;;;;;;;;;;;;;;;;;;
abr/12;266275;;;;;;;;;;;;;;;;;;;;;;;;;;;;;;;;
mai/12;286215;;;;;;;;;;;;;;;;;;;;;;;;;;;;;;;;
jun/12;277722;;;;;;;;;;;;;;;;;;;;;;;;;;;;;;;;
jul/12;301142;;;;;;;;;;;;;;;;;;;;;;;;;;;;;;;;
ago/12;333316;;;;;;;;;;;;;;;;;;;;;;;;;;;;;;;;
set/12;289693;;;;;;;;;;;;;;;;;;;;;;;;;;;;;;;;
out/12;323940;;;;;;;;;;;;;;;;;;;;;;;;;;;;;;;;
nov/12;314727;;;;;;;;;;;;;;;;;;;;;;;;;;;;;;;;
dez/12;268504;;;;;;;;;;;;;;;;;;;;;;;;;;;;;;;;
jan/13;291884;;;;;;;;;;;;;;;;;;;;;;;;;;;;;;;;
fev/13;242072;;;;;;;;;;;;;;;;;;;;;;;;;;;;;;;;
mar/13;329103;;;;;;;;;;;;;;;;;;;;;;;;;;;;;;;;
abr/13;352328;;;;;;;;;;;;;;;;;;;;;;;;;;;;;;;;
mai/13;344556;;;;;;;;;;;;;;;;;;;;;;;;;;;;;;;;
jun/13;323853;;;;;;;;;;;;;;;;;;;;;;;;;;;;;;;;
jul/13;316740;;;;;;;;;;;;;;;;;;;;;;;;;;;;;;;;
ago/13;343562;;;;;;;;;;;;;;;;;;;;;;;;;;;;;;;;
set/13;322776;;;;;;;;;;;;;;;;;;;;;;;;;;;;;;;;
out/13;322677;;;;;;;;;;;;;;;;;;;;;;;;;;;;;;;;
nov/13;293155;;;;;;;;;;;;;;;;;;;;;;;;;;;;;;;;
dez/13;231107;;;;;;;;;;;;;;;;;;;;;;;;;;;;;;;;
jan/14;237390;;;;;;;;;;;;;;;;;;;;;;;;;;;;;;;;
fev/14;281627;;;;;;;;;;;;;;;;;;;;;;;;;;;;;;;;
mar/14;272754;;;;;;;;;;;;;;;;;;;;;;;;;;;;;;;;
abr/14;277091;;;;;;;;;;;;;;;;;;;;;;;;;;;;;;;;
mai/14;281355;;;;;;;;;;;;;;;;;;;;;;;;;;;;;;;;
jun/14;215943;;;;;;;;;;;;;;;;;;;;;;;;;;;;;;;;
jul/14;254348;;;;;;;;;;;;;;;;;;;;;;;;;;;;;;;;
ago/14;264637;;;;;;;;;;;;;;;;;;;;;;;;;;;;;;;;
set/14;300931;;;;;;;;;;;;;;;;;;;;;;;;;;;;;;;;
out/14;293328;;;;;;;;;;;;;;;;;;;;;;;;;;;;;;;;
nov/14;264830;;;;;;;;;;;;;;;;;;;;;;;;;;;;;;;;
dez/14;207597;;;;;;;;;;;;;;;;;;;;;;;;;;;;;;;;
jan/15;204716;;;;;;;;;;;;;;;;;;;;;;;;;;;;;;;;
fev/15;205953;;;;;;;;;;;;;;;;;;;;;;;;;;;;;;;;
mar/15;256480;;;;;;;;;;;;;;;;;;;;;;;;;;;;;;;;
abr/15;219623;;;;;;;;;;;;;;;;;;;;;;;;;;;;;;;;
mai/15;213047;;;;;;;;;;;;;;;;;;;;;;;;;;;;;;;;
jun/15;187608;;;;;;;;;;;;;;;;;;;;;;;;;;;;;;;;
jul/15;223145;;;;;;;;;;;;;;;;;;;;;;;;;;;;;;;;
ago/15;216991;;;;;;;;;;;;;;;;;;;;;;;;;;;;;;;;
set/15;176757;;;;;;;;;;;;;;;;;;;;;;;;;;;;;;;;
out/15;208097;;;;;;;;;;;;;;;;;;;;;;;;;;;;;;;;
nov/15;173874;;;;;;;;;;;;;;;;;;;;;;;;;;;;;;;;
dez/15;141798;;;;;;;;;;;;;;;;;;;;;;;;;;;;;;;;
jan/16;152778;;;;;;;;;;;;;;;;;;;;;;;;;;;;;;;;
fev/16;144333;;;;;;;;;;;;;;;;;;;;;;;;;;;;;;;;
mar/16;200352;;;;;;;;;;;;;;;;;;;;;;;;;;;;;;;;
abr/16;171298;;;;;;;;;;;;;;;;;;;;;;;;;;;;;;;;
mai/16;178895;;;;;;;;;;;;;;;;;;;;;;;;;;;;;;;;
jun/16;186250;;;;;;;;;;;;;;;;;;;;;;;;;;;;;;;;
jul/16;191779;;;;;;;;;;;;;;;;;;;;;;;;;;;;;;;;
ago/16;181197;;;;;;;;;;;;;;;;;;;;;;;;;;;;;;;;
set/16;172105;;;;;;;;;;;;;;;;;;;;;;;;;;;;;;;;
out/16;177570;;;;;;;;;;;;;;;;;;;;;;;;;;;;;;;;
nov/16;219084;;;;;;;;;;;;;;;;;;;;;;;;;;;;;;;;
dez/16;201143;;;;;;;;;;;;;;;;;;;;;;;;;;;;;;;;
jan/17;179376;;;;;;;;;;;;;;;;;;;;;;;;;;;;;;;;
fev/17;201763;;;;;;;;;;;;;;;;;;;;;;;;;;;;;;;;
mar/17;236568;;;;;;;;;;;;;;;;;;;;;;;;;;;;;;;;
abr/17;191554;;;;;;;;;;;;;;;;;;;;;;;;;;;;;;;;
mai/17;253398;;;;;;;;;;;;;;;;;;;;;;;;;;;;;;;;
jun/17;214838;;;;;;;;;;;;;;;;;;;;;;;;;;;;;;;;
jul/17;225831;;;;;;;;;;;;;;;;;;;;;;;;;;;;;;;;
ago/17;266489;;;;;;;;;;;;;;;;;;;;;;;;;;;;;;;;
set/17;239763;;;;;;;;;;;;;;;;;;;;;;;;;;;;;;;;
out/17;253906;;;;;;;;;;;;;;;;;;;;;;;;;;;;;;;;
nov/17;254073;;;;;;;;;;;;;;;;;;;;;;;;;;;;;;;;
dez/17;219697;;;;;;;;;;;;;;;;;;;;;;;;;;;;;;;;
jan/18;219217;;;;;;;;;;;;;;;;;;;;;;;;;;;;;;;;
fev/18;213498;;;;;;;;;;;;;;;;;;;;;;;;;;;;;;;;
mar/18;267539;;;;;;;;;;;;;;;;;;;;;;;;;;;;;;;;
abr/18;266549;;;;;;;;;;;;;;;;;;;;;;;;;;;;;;;;
mai/18;212329;;;;;;;;;;;;;;;;;;;;;;;;;;;;;;;;
jun/18;256311;;;;;;;;;;;;;;;;;;;;;;;;;;;;;;;;
jul/18;245935;;;;;;;;;;;;;;;;;;;;;;;;;;;;;;;;
ago/18;291099;;;;;;;;;;;;;;;;;;;;;;;;;;;;;;;;
set/18;223081;;;;;;;;;;;;;;;;;;;;;;;;;;;;;;;;
out/18;263186;;;;;;;;;;;;;;;;;;;;;;;;;;;;;;;;
nov/18;244771;;;;;;;;;;;;;;;;;;;;;;;;;;;;;;;;
dez/18;177503;;;;;;;;;;;;;;;;;;;;;;;;;;;;;;;;
jan/19;199145;;;;;;;;;;;;;;;;;;;;;;;;;;;;;;;;
fev/19;257939;;;;;;;;;;;;;;;;;;;;;;;;;;;;;;;;
mar/19;240763;;;;;;;;;;;;;;;;;;;;;;;;;;;;;;;;
abr/19;267561;;;;;;;;;;;;;;;;;;;;;;;;;;;;;;;;
mai/19;275747;;;;;;;;;;;;;;;;;;;;;;;;;;;;;;;;
jun/19;233150;;;;;;;;;;;;;;;;;;;;;;;;;;;;;;;;
jul/19;266992;;;;;;;;;;;;;;;;;;;;;;;;;;;;;;;;
ago/19;269758;;;;;;;;;;;;;;;;;;;;;;;;;;;;;;;;
set/19;247455;;;;;;;;;;;;;;;;;;;;;;;;;;;;;;;;
out/19;288519;;;;;;;;;;;;;;;;;;;;;;;;;;;;;;;;
nov/19;227455;;;;;;;;;;;;;;;;;;;;;;;;;;;;;;;;
dez/19;170504;;;;;;;;;;;;;;;;;;;;;;;;;;;;;;;;
jan/20;191731;;;;;;;;;;;;;;;;;;;;;;;;;;;;;;;;
fev/20;204203;;;;;;;;;;;;;;;;;;;;;;;;;;;;;;;;
mar/20;189958;;;;;;;;;;;;;;;;;;;;;;;;;;;;;;;;
abr/20;1847;;;;;;;;;;;;;;;;;;;;;;;;;;;;;;;;
mai/20;43080;;;;;;;;;;;;;;;;;;;;;;;;;;;;;;;;
jun/20;98708;;;;;;;;;;;;;;;;;;;;;;;;;;;;;;;;
